1,1,0.048708152,0.9512919
0,0,0.7097285,0.29027152
1,1,0.010536605,0.9894633
1,0,0.8972612,0.102738746
0,0,0.90007305,0.09992693
0,0,0.84012014,0.15987986
1,1,0.0010767207,0.99892324
1,1,0.05598572,0.94401425
1,1,0.10266994,0.89733005
0,0,0.9691051,0.030894915
1,0,0.911888,0.08811205
0,0,0.5326625,0.46733746
1,1,0.14116685,0.85883313
1,0,0.6058226,0.39417735
1,0,0.80046034,0.19953965
1,1,0.34474456,0.65525544
1,0,0.7547573,0.24524267
0,1,0.16550365,0.8344964
1,0,0.62317675,0.37682322
1,0,0.7083563,0.29164365
1,0,0.9427053,0.057294745
1,1,0.03137033,0.96862966
1,1,0.08737931,0.9126207
1,1,0.06390267,0.9360973
0,1,0.36642116,0.63357884
1,0,0.91084003,0.089159936
1,0,0.6542392,0.34576085
1,1,0.0011926645,0.9988073
0,0,0.6966054,0.3033946
1,0,0.9577268,0.04227321
1,0,0.54052913,0.45947084
1,1,0.10228276,0.8977172
1,1,0.40454155,0.59545845
0,0,0.6104938,0.38950616
1,1,0.2628472,0.7371528
1,0,0.8302799,0.1697201
1,1,0.36992535,0.6300746
1,1,0.31154117,0.68845886
1,1,0.36244643,0.6375536
0,1,0.49116606,0.508834
0,1,0.10813065,0.8918693
0,1,0.49855298,0.501447
1,0,0.694756,0.30524403
1,1,0.3837856,0.6162144
1,1,0.16572016,0.83427984
1,0,0.76099825,0.23900174
1,1,0.39257333,0.6074267
1,1,0.1426956,0.8573044
1,1,0.2039048,0.7960952
0,0,0.771789,0.22821096
1,1,0.1380108,0.8619892
0,1,0.3967361,0.6032639
1,1,0.011905208,0.98809487
0,0,0.5326625,0.46733746
1,1,0.09216328,0.9078367
1,1,0.0006532252,0.9993468
1,1,0.017125241,0.98287475
1,1,0.45930582,0.5406941
1,0,0.7241348,0.27586523
0,1,0.00011720891,0.9998828
1,0,0.7330574,0.26694262
1,1,0.18622112,0.81377894
1,0,0.870095,0.12990494
1,0,0.54891515,0.45108488
1,0,0.98815304,0.011846945
1,0,0.7590272,0.24097283
0,1,0.13581878,0.8641812
1,1,0.04245353,0.9575465
1,1,0.20809545,0.79190457
1,1,0.16968502,0.83031493
0,0,0.55203974,0.44796023
0,1,0.06408507,0.9359149
1,0,0.8229018,0.17709827
1,1,0.0061768466,0.9938232
1,1,0.39193457,0.6080654
1,1,0.10724147,0.8927585
0,0,0.8730405,0.12695952
1,1,0.1849291,0.8150709
1,0,0.78375995,0.21624008
1,0,0.7762848,0.22371519
1,1,0.01681822,0.9831818
1,0,0.7726408,0.22735918
1,1,0.00016296795,0.99983704
1,1,1.184918e-06,0.9999988
1,1,0.42401597,0.57598406
0,0,0.7479306,0.2520694
1,1,0.05343823,0.94656175
1,0,0.7658403,0.23415968
0,0,0.7030703,0.2969297
0,1,0.4913423,0.50865763
0,0,0.5326625,0.46733746
0,0,0.5326625,0.46733746
1,1,0.076769315,0.9232307
1,1,8.969781e-05,0.99991024
1,1,0.039947066,0.9600529
0,1,0.097603925,0.9023961
1,1,0.0006705291,0.99932945
1,1,0.22807334,0.77192664
0,0,0.57146406,0.42853588
1,1,0.22693455,0.77306545
1,1,0.0006280109,0.99937207
1,1,0.04548779,0.9545122
1,1,0.011709834,0.9882902
0,0,0.7658167,0.23418334
1,1,0.057212543,0.94278747
1,1,0.20877129,0.79122865
1,0,0.6090686,0.39093146
1,0,0.8054688,0.1945312
1,1,0.0063562333,0.99364376
1,1,0.3711085,0.6288915
1,0,0.78046906,0.21953093
1,0,0.8035041,0.19649586
1,0,0.8370672,0.16293281
0,0,0.787222,0.21277796
0,1,0.0068671466,0.9931329
1,1,0.21654162,0.7834584
1,0,0.79863536,0.20136462
1,0,0.6644717,0.33552834
1,1,0.00025895325,0.999741
1,1,0.2684539,0.73154604
0,0,0.8212888,0.17871115
1,1,0.009345686,0.9906543
0,1,0.40965825,0.59034175
1,1,0.0028429786,0.997157
1,1,0.0041929516,0.99580705
0,1,0.3681984,0.6318016
1,1,0.03349559,0.96650445
0,1,0.37260875,0.6273912
1,0,0.70098346,0.29901657
1,1,0.25705096,0.74294907
0,1,0.34601098,0.653989
1,1,0.3941398,0.6058603
0,0,0.9701763,0.029823735
1,1,0.39223143,0.6077686
0,1,0.4230572,0.57694286
1,1,0.36469716,0.6353028
0,1,0.084322006,0.915678
1,0,0.8141517,0.18584834
1,1,0.11844774,0.8815523
0,1,0.03694945,0.9630506
0,1,0.069502726,0.9304973
0,1,0.35702443,0.64297557
1,0,0.80352944,0.19647053
1,0,0.5318746,0.46812537
0,1,0.026930429,0.97306955
0,1,0.23861144,0.7613886
1,0,0.6821492,0.31785086
1,1,0.076662436,0.9233376
1,1,0.34068337,0.6593166
1,1,0.19964395,0.8003561
0,1,0.063292585,0.9367074
0,1,0.07360313,0.92639685
1,0,0.55336,0.44664004
0,0,0.69861,0.30138996
1,1,0.000113182556,0.99988675
0,1,0.010955588,0.9890444
0,0,0.92657584,0.073424116
1,1,0.15320945,0.84679055
0,1,0.3365171,0.6634829
0,0,0.85535127,0.14464866
1,1,0.1573635,0.84263647
1,1,0.052885186,0.94711477
1,1,0.24001873,0.7599813
1,0,0.6682265,0.33177352
1,1,0.11011765,0.8898824
1,1,0.012099587,0.9879004
0,0,0.8867025,0.113297574
1,0,0.99569786,0.0043021035
1,1,0.2969628,0.70303726
0,1,0.047145013,0.95285493
0,0,0.8755999,0.12440008
1,1,0.047522854,0.95247716
1,1,0.013570885,0.9864291
1,1,0.19806534,0.80193466
1,0,0.8421139,0.15788609
1,0,0.755755,0.24424495
1,1,0.089999884,0.91000015
1,0,0.9300242,0.06997576
0,0,0.92509335,0.074906625
0,1,0.31790522,0.6820948
1,1,0.4685674,0.5314326
1,0,0.6639323,0.33606768
1,1,0.124725066,0.87527496
1,1,0.00070243166,0.9992975
1,1,0.14674433,0.8532556
1,1,0.063926525,0.9360734
0,0,0.90509075,0.09490931
1,0,0.59210104,0.40789896
1,1,0.005966456,0.9940335
1,0,0.8767031,0.12329694
0,0,0.64826256,0.35173747
1,0,0.8300139,0.16998613
0,0,0.9739038,0.026096195
1,1,0.09124681,0.9087532
1,0,0.92412025,0.075879775
1,1,0.28235486,0.7176451
1,0,0.87329,0.12671001
1,1,0.33932096,0.66067904
1,1,0.051437937,0.9485621
1,0,0.7842931,0.21570688
1,1,0.00039471488,0.99960536
1,1,3.2642674e-06,0.9999968
1,1,0.02359968,0.9764004
1,1,0.02517872,0.97482127
1,1,0.07428394,0.925716
0,0,0.898195,0.10180502
1,0,0.8589267,0.14107332
1,1,0.07048681,0.9295133
0,0,0.5326625,0.46733746
1,0,0.72210413,0.27789587
1,1,0.17099994,0.8290001
1,1,0.28172314,0.7182769
1,1,0.17830999,0.82169
0,0,0.75047225,0.24952775
1,1,0.061223917,0.9387761
1,1,0.32133642,0.6786636
0,1,0.0025316363,0.99746835
1,1,0.1910498,0.8089502
1,1,0.47400457,0.52599543
1,1,0.4833115,0.51668847
1,1,0.10009994,0.8999
1,1,0.042757228,0.95724285
1,1,0.10187953,0.8981205
1,1,0.0037407777,0.9962592
1,0,0.8241689,0.17583106
0,1,0.03791618,0.9620838
0,1,0.34973276,0.6502673
1,1,0.4652619,0.53473806
0,1,0.35241902,0.647581
1,1,0.41730127,0.58269876
1,1,0.0455137,0.9544863
1,1,0.016530706,0.98346937
0,1,0.017623011,0.98237693
1,1,0.0004299503,0.9995701
1,0,0.58282447,0.41717556
0,0,0.58585125,0.4141488
1,1,0.10295664,0.8970434
1,0,0.7124076,0.28759238
1,1,0.3043675,0.69563246
1,1,0.48771605,0.5122839
1,0,0.62692904,0.3730709
1,1,0.009526012,0.9904739
1,1,0.05706552,0.94293445
1,0,0.53146553,0.46853453
0,0,0.5326625,0.46733746
1,0,0.8749098,0.12509023
0,1,0.015840797,0.98415923
1,1,0.17805608,0.82194394
1,1,0.43857372,0.5614263
1,0,0.92406994,0.07593003
1,1,0.088477805,0.91152227
0,1,0.020471862,0.97952807
1,0,0.60677254,0.39322746
1,0,0.6935897,0.30641028
1,1,0.14753237,0.85246766
1,1,0.043333914,0.9566661
1,1,0.31058022,0.68941975
1,0,0.54464155,0.45535848
0,1,0.033409797,0.96659017
1,0,0.96693724,0.03306281
0,0,0.8059523,0.19404769
1,1,0.38756746,0.61243254
1,0,0.6917297,0.30827028
1,1,0.0029180064,0.99708194
1,1,0.3266709,0.6733291
0,0,0.990858,0.009142029
0,0,0.6557296,0.34427038
1,0,0.72193193,0.2780681
0,0,0.78476036,0.21523963
1,0,0.5431846,0.45681542
1,1,0.20993537,0.7900647
1,1,0.08641593,0.9135841
1,1,0.04535612,0.9546439
1,0,0.9507708,0.049229153
1,1,0.4302524,0.56974757
1,1,0.34409976,0.6559002
1,0,0.9846444,0.015355577
1,1,0.16199902,0.838001
0,0,0.6158513,0.3841487
0,1,0.2916039,0.70839614
1,1,0.0040747714,0.9959252
1,1,0.42014447,0.5798555
1,1,0.009385809,0.9906142
1,1,0.18312006,0.8168799
0,0,0.7311381,0.26886183
1,1,0.061125837,0.9388742
1,0,0.62635994,0.37364003
1,1,0.076006725,0.9239933
1,1,0.019506536,0.9804935
1,1,0.008618669,0.99138135
0,0,0.5326625,0.46733746
1,1,0.00014444198,0.9998555
1,1,0.009483886,0.9905161
1,0,0.6376983,0.3623017
1,0,0.5743031,0.4256969
1,1,0.049871814,0.9501282
1,1,0.4765231,0.52347696
0,0,0.6473813,0.3526187
1,1,7.543098e-05,0.99992454
0,0,0.7618122,0.23818782
1,1,0.19280043,0.80719954
1,0,0.69198686,0.30801308
1,0,0.8267686,0.17323147
0,1,0.085223205,0.91477686
1,0,0.67642874,0.32357126
0,1,0.39520708,0.6047929
1,1,0.00047577656,0.99952424
1,1,0.056429133,0.94357085
0,1,0.17627469,0.82372534
1,1,0.0028853032,0.99711466
0,0,0.5675275,0.43247247
1,1,0.2600573,0.7399427
1,0,0.9252597,0.07474029
1,1,0.2811313,0.7188687
1,0,0.9102609,0.08973902
1,0,0.6316196,0.3683805
1,1,0.051861886,0.94813806
0,1,0.07605632,0.92394376
1,0,0.91606784,0.08393213
1,1,0.42491344,0.5750866
1,1,0.35777035,0.6422296
1,1,0.16744998,0.83255
1,1,0.17991099,0.820089
1,0,0.52220374,0.47779626
0,0,0.7933836,0.20661648
1,0,0.7982719,0.20172812
1,1,0.3346252,0.6653748
1,1,0.014633838,0.9853661
1,1,0.3676893,0.6323107
0,1,0.009276109,0.9907239
1,1,0.292015,0.707985
1,0,0.56414485,0.4358552
1,0,0.6955312,0.3044689
0,0,0.93828833,0.06171165
1,0,0.8792245,0.120775506
1,1,8.183804e-07,0.99999917
1,1,0.14092076,0.85907924
1,1,0.018996129,0.9810038
1,0,0.77394927,0.22605073
1,1,0.00017275877,0.9998273
0,0,0.6470115,0.35298842
1,0,0.83663386,0.16336612
1,0,0.95767856,0.042321455
1,1,0.1825338,0.81746614
0,1,0.3735694,0.62643063
1,1,0.23451647,0.76548356
1,1,0.33099514,0.6690048
1,0,0.9550365,0.04496347
1,1,0.29459468,0.7054053
1,0,0.84652364,0.15347642
1,0,0.669352,0.33064798
0,0,0.99562764,0.0043723886
1,0,0.5192381,0.48076198
1,0,0.8888305,0.11116949
0,0,0.58387953,0.41612047
0,0,0.77430654,0.22569346
1,1,5.0421262e-05,0.9999496
0,0,0.9568076,0.043192368
1,1,5.9888276e-05,0.99994016
1,1,0.009651858,0.9903481
1,1,0.05879222,0.9412078
1,1,0.21326412,0.78673583
0,1,0.17202872,0.8279712
0,0,0.8647086,0.1352914
1,0,0.69271076,0.30728924
1,1,0.46816432,0.5318356
1,0,0.7296576,0.27034232
1,1,0.06047877,0.9395212
1,0,0.9882522,0.011747801
1,0,0.5412161,0.45878395
1,1,0.095073305,0.9049267
1,1,0.044983093,0.9550169
1,0,0.77682173,0.22317827
1,0,0.5396354,0.46036458
1,0,0.9332887,0.066711314
0,1,0.41550645,0.5844935
0,1,0.0773735,0.9226265
1,0,0.7134211,0.28657892
1,1,0.01787698,0.98212296
1,0,0.9819624,0.018037641
0,1,0.025130725,0.9748693
1,1,0.48918405,0.5108159
1,0,0.9400909,0.059909124
1,0,0.6525438,0.34745625
1,1,0.062922366,0.9370776
1,1,0.22929826,0.77070177
1,1,0.45542064,0.5445794
0,1,0.28623354,0.7137665
1,0,0.9349574,0.065042585
1,0,0.8623406,0.13765942
1,1,0.031797744,0.96820223
1,1,0.20278591,0.7972141
1,1,0.23526298,0.76473707
1,1,0.4345749,0.5654251
1,1,0.01844575,0.98155427
1,0,0.58785284,0.4121472
1,0,0.7375041,0.26249582
1,1,0.3747156,0.62528443
0,0,0.9034933,0.096506685
0,1,0.06826169,0.9317383
1,0,0.7689649,0.23103513
1,1,0.030687744,0.9693123
1,1,0.009050358,0.9909497
1,1,0.025995206,0.97400486
1,1,0.073227316,0.9267727
1,1,0.19410504,0.805895
1,1,0.1387768,0.8612232
1,1,0.36228842,0.6377115
1,0,0.9942919,0.005708077
1,1,0.0015538172,0.99844617
0,1,0.026624449,0.97337556
1,0,0.6837457,0.31625426
1,1,0.34095153,0.6590484
1,1,0.06499961,0.93500036
1,1,0.22867627,0.7713237
1,1,0.079442784,0.9205572
1,1,0.022677753,0.9773222
1,1,0.09520239,0.9047977
1,0,0.5360437,0.46395627
1,0,0.5684077,0.4315922
0,0,0.6437374,0.35626262
0,0,0.82435364,0.17564633
0,0,0.5079142,0.49208575
0,0,0.9988925,0.0011074787
1,1,0.001127538,0.99887246
1,0,0.68997115,0.31002885
1,1,0.14868596,0.851314
0,0,0.8721172,0.12788276
0,0,0.6867293,0.3132707
1,0,0.58785003,0.41214994
1,1,0.04411154,0.9558885
0,0,0.5326625,0.46733746
1,1,0.48911136,0.51088864
1,1,0.014112969,0.985887
1,0,0.54819554,0.4518044
1,1,0.07423642,0.9257636
1,1,0.037177395,0.96282256
1,0,0.503034,0.49696603
0,0,0.65943515,0.34056485
1,1,0.15377118,0.84622884
1,1,0.3964241,0.6035759
1,0,0.97204363,0.027956422
0,0,0.92386293,0.07613702
1,1,0.19046803,0.8095319
0,0,0.9524474,0.047552627
0,0,0.5275832,0.47241682
1,0,0.6798499,0.32015005
1,1,0.034543354,0.9654567
0,0,0.66334546,0.3366546
1,0,0.91197145,0.08802856
1,1,0.18151326,0.8184868
1,1,0.12237544,0.8776246
1,1,0.34480846,0.6551915
0,0,0.70576257,0.29423738
1,1,0.010299475,0.98970056
1,0,0.7977825,0.20221744
0,1,0.00015410336,0.99984586
1,0,0.99769646,0.00230347
0,1,0.2878672,0.7121329
1,1,0.15559149,0.84440845
1,1,0.33680627,0.6631937
0,0,0.7941312,0.20586875
0,0,0.67274565,0.32725435
0,0,0.7552559,0.24474414
1,1,0.019599576,0.98040044
0,0,0.7501774,0.24982262
0,0,0.565918,0.43408197
0,0,0.67465645,0.32534358
1,1,0.1693804,0.83061963
0,1,0.19307324,0.8069267
0,1,0.3498511,0.65014887
1,1,0.02431584,0.9756841
0,0,0.6910398,0.30896023
0,0,0.87485677,0.12514319
0,0,0.5326625,0.46733746
0,1,0.17566828,0.8243317
1,1,0.16256624,0.8374338
1,1,0.11146506,0.88853496
1,1,0.2111056,0.7888944
1,0,0.93004334,0.069956586
0,0,0.8407293,0.15927067
0,1,0.21431677,0.7856832
0,1,0.19518955,0.80481046
1,1,0.16940483,0.8305952
0,0,0.5326625,0.46733746
1,1,0.26840654,0.7315935
0,1,0.093521774,0.9064783
1,1,0.082051255,0.91794866
1,1,0.28405547,0.7159446
1,1,0.010355269,0.98964477
1,1,0.02118161,0.9788184
1,1,0.0120801665,0.9879198
0,1,0.19704373,0.8029563
0,1,0.3541098,0.6458902
0,0,0.9477111,0.05228887
1,1,0.05040009,0.9495999
0,0,0.98881614,0.011183846
0,1,0.34236678,0.6576331
0,0,0.7800348,0.2199652
0,0,0.8999184,0.100081585
1,0,0.9474712,0.05252872
1,1,0.480746,0.51925397
0,1,0.0059253844,0.99407464
0,0,0.6595228,0.34047723
1,1,0.068036035,0.931964
1,1,0.009508878,0.99049115
0,1,0.37585053,0.6241495
1,0,0.9504162,0.0495838
0,0,0.55385166,0.44614834
0,0,0.5712712,0.4287288
1,1,0.065309584,0.9346904
1,1,0.04822414,0.95177585
0,0,0.99258304,0.007416945
1,1,4.325089e-05,0.9999567
1,1,0.024624193,0.9753758
1,1,0.11014578,0.88985425
1,0,0.8461324,0.15386763
0,1,0.098535694,0.90146434
0,0,0.95518625,0.044813786
1,1,0.018257251,0.98174274
1,1,0.04091831,0.9590817
1,0,0.9066028,0.09339719
0,1,0.24500681,0.7549932
0,1,0.11748556,0.8825145
1,0,0.6111827,0.3888173
1,1,0.10173048,0.8982696
0,1,0.21503982,0.78496015
0,0,0.9839024,0.01609758
1,0,0.8055309,0.19446912
0,1,0.10428005,0.89571995
1,1,0.43073815,0.56926185
0,0,0.8604093,0.13959064
0,0,0.95386714,0.046132818
0,0,0.6757734,0.32422665
1,1,0.0018945616,0.9981054
0,0,0.84841985,0.15158015
1,0,0.65736216,0.34263778
1,1,0.15705132,0.8429487
1,1,0.26295468,0.73704535
0,0,0.62639195,0.37360802
1,0,0.5297739,0.47022617
0,0,0.9946332,0.0053667896
1,1,0.49179155,0.5082084
0,0,0.5369674,0.46303257
1,0,0.5897811,0.41021892
1,1,0.10621467,0.89378536
1,1,0.28528562,0.71471435
0,0,0.9976525,0.0023475462
0,0,0.7880359,0.21196407
1,1,0.095100395,0.90489954
0,1,0.48285642,0.5171436
0,0,0.53666824,0.4633317
0,1,0.398175,0.60182506
1,1,0.0021077844,0.9978922
0,0,0.67935896,0.32064104
1,0,0.57288605,0.42711398
0,1,0.34783596,0.65216404
1,0,0.9222032,0.077796794
0,0,0.94765085,0.052349225
0,1,0.01395388,0.98604614
1,1,0.0029076238,0.99709237
1,0,0.59314835,0.40685162
1,1,0.1791938,0.8208062
0,0,0.54186314,0.4581369
1,1,0.21179478,0.7882052
0,0,0.85887086,0.14112914
0,1,0.42955065,0.57044935
1,0,0.6514672,0.3485328
1,1,0.08697354,0.9130265
1,0,0.93505806,0.06494194
1,1,0.0054767467,0.9945233
1,0,0.50630456,0.49369547
1,1,0.05737532,0.9426246
0,1,0.0133235045,0.98667645
1,1,0.00027047066,0.9997296
1,0,0.91683006,0.08316998
1,0,0.9937312,0.0062687946
1,1,0.0049471976,0.9950529
1,1,0.00417563,0.99582434
0,0,0.9989617,0.0010383273
0,1,0.40967503,0.59032494
1,1,0.11391744,0.88608253
1,1,0.13626723,0.86373276
0,0,0.73379374,0.26620632
0,0,0.56030947,0.4396906
0,1,0.017359097,0.9826409
0,0,0.9405739,0.059426114
0,0,0.8706773,0.12932272
1,1,0.21315199,0.786848
0,0,0.99301815,0.0069818557
1,0,0.5722404,0.42775965
0,0,0.7865451,0.21345492
1,0,0.7010461,0.29895386
1,0,0.5926841,0.40731585
1,1,0.48500466,0.51499534
1,1,0.0002231977,0.9997768
0,1,0.09678159,0.9032184
0,1,0.022990568,0.9770095
1,1,5.5172815e-05,0.9999448
1,1,0.3857239,0.61427605
0,1,0.46831578,0.5316843
0,0,0.8411951,0.15880486
1,1,0.09528926,0.9047107
0,1,0.021362029,0.978638
1,1,0.3099851,0.69001484
1,0,0.547087,0.452913
1,1,0.002740586,0.9972594
0,1,0.45883837,0.5411616
0,0,0.918585,0.08141503
0,0,0.8741784,0.12582165
1,1,0.001080921,0.9989191
1,1,0.1417926,0.85820735
0,0,0.8241513,0.17584877
0,1,0.11186169,0.88813823
1,0,0.99332446,0.006675571
0,1,0.31690422,0.6830958
1,1,0.13074881,0.8692512
1,0,0.98089427,0.019105691
1,1,0.004765703,0.9952343
1,0,0.6447103,0.35528973
1,0,0.72795504,0.272045
0,1,0.03874706,0.9612529
1,0,0.87367475,0.12632523
1,0,0.55557734,0.44442266
1,1,0.025046192,0.97495383
1,1,0.039144255,0.9608558
1,1,0.024940196,0.9750598
1,1,0.0015618721,0.9984382
0,1,0.18371885,0.81628114
1,1,0.050358295,0.9496417
1,1,0.047691606,0.95230836
0,0,0.61914206,0.3808579
1,1,0.4261937,0.5738063
1,0,0.6954587,0.30454135
1,1,0.46278042,0.5372196
1,1,0.008755887,0.9912442
1,1,0.12516557,0.8748344
1,1,0.06644909,0.93355083
0,0,0.9187565,0.0812435
1,1,0.1834092,0.81659085
1,1,0.0013245214,0.9986754
1,0,0.552927,0.44707307
0,1,0.013618568,0.9863815
1,1,0.05880278,0.94119716
1,0,0.78987175,0.2101282
1,1,0.003074066,0.9969259
1,1,0.2917369,0.70826304
1,1,0.22826366,0.7717363
1,0,0.52228326,0.47771668
0,0,0.53762,0.46238
1,1,0.013201175,0.9867988
1,1,0.0069098696,0.9930902
1,1,0.14104822,0.85895175
1,0,0.85976577,0.14023425
1,1,0.06811318,0.9318868
1,0,0.9650621,0.034937974
1,1,0.3706072,0.6293928
0,1,0.40908188,0.5909181
0,0,0.61439025,0.38560975
0,0,0.99883205,0.0011679974
1,1,0.43471906,0.5652809
0,1,0.21463391,0.78536606
0,0,0.7160636,0.28393635
0,0,0.6999805,0.3000195
1,0,0.8459559,0.15404408
1,1,0.14018945,0.8598106
1,1,0.16440417,0.8355959
0,0,0.73976564,0.26023433
0,1,0.4261349,0.5738651
1,1,0.008978345,0.9910217
1,0,0.9564532,0.043546773
1,0,0.7606699,0.23933019
1,1,0.19725703,0.80274296
1,1,0.25888398,0.74111605
1,0,0.95203996,0.047960054
1,1,0.3745633,0.6254367
0,1,0.36666143,0.6333386
0,1,0.30309242,0.69690764
1,1,0.20733976,0.7926602
0,0,0.9750241,0.02497595
1,1,0.013176804,0.9868232
1,1,0.35452002,0.64548004
1,1,0.11565072,0.8843492
0,1,0.49986008,0.5001399
0,1,0.3556168,0.6443832
1,1,0.13640597,0.86359406
1,0,0.81843454,0.1815654
0,1,0.0017154898,0.9982845
0,0,0.70418006,0.2958199
0,0,0.7429879,0.25701207
0,1,0.20975982,0.79024017
1,0,0.59588605,0.40411395
0,0,0.959925,0.040074993
1,1,0.0003658913,0.99963415
1,1,0.21320571,0.7867943
0,1,0.3522857,0.6477143
0,1,0.42360237,0.57639766
1,1,0.00016013136,0.9998399
0,1,0.024454024,0.975546
0,0,0.9612833,0.03871667
1,1,0.42474565,0.5752544
1,0,0.64906675,0.35093325
1,1,0.09338609,0.9066139
1,1,0.3690401,0.63095987
1,1,0.33538687,0.6646132
0,0,0.88647646,0.113523535
0,0,0.78711534,0.21288463
1,0,0.85718834,0.1428117
1,0,0.65959173,0.34040824
1,0,0.79258865,0.20741126
0,0,0.8519734,0.14802656
1,1,0.33355314,0.66644686
1,1,0.45758542,0.54241455
1,1,0.45263836,0.5473617
1,0,0.9015687,0.09843132
0,0,0.949014,0.050985966
1,0,0.8817866,0.11821341
1,0,0.9227355,0.07726449
1,1,0.116643324,0.8833567
1,1,0.0092537645,0.99074626
1,1,0.0027980942,0.9972019
0,1,0.014629919,0.98537004
1,1,0.19397539,0.80602455
0,0,0.85008806,0.14991187
0,1,0.3594641,0.6405359
0,0,0.7003477,0.2996523
1,0,0.9563824,0.04361761
0,0,0.9103713,0.08962872
0,0,0.7632794,0.23672068
0,1,0.004144876,0.99585515
1,1,0.0038749953,0.99612504
0,0,0.8736651,0.12633492
1,1,0.011583995,0.9884161
1,0,0.64140123,0.3585988
1,0,0.9569007,0.043099254
1,1,0.32360357,0.6763964
0,1,0.03179139,0.9682086
1,1,0.39018148,0.60981846
0,0,0.91317767,0.08682238
1,1,0.1283209,0.87167907
1,1,0.47125894,0.52874106
1,0,0.97630787,0.023692165
1,0,0.99688596,0.0031140225
1,0,0.7331902,0.26680982
1,1,0.006718628,0.99328136
1,1,0.36308748,0.6369125
1,1,0.3794767,0.6205233
1,1,0.00064683455,0.9993531
1,1,0.30801117,0.6919888
1,0,0.9175323,0.082467645
1,1,0.010292992,0.989707
0,0,0.6680913,0.3319087
1,0,0.50229084,0.49770918
1,1,0.039077647,0.96092236
1,1,0.18562005,0.81438
1,1,0.00800061,0.99199945
1,1,0.3410489,0.6589511
1,0,0.9441644,0.055835634
1,1,0.0003850444,0.99961495
0,0,0.54963243,0.4503676
1,1,0.0008026505,0.9991973
1,1,0.10031584,0.89968413
1,0,0.6744161,0.3255839
1,0,0.9205462,0.0794538
1,0,0.663065,0.336935
1,0,0.6111893,0.3888107
1,1,0.22900909,0.7709909
1,0,0.95829785,0.04170209
1,1,0.2149776,0.7850224
0,0,0.8879703,0.11202963
1,0,0.9786774,0.021322604
1,0,0.6713949,0.32860506
0,0,0.72939163,0.27060828
1,0,0.9399247,0.060075287
1,1,0.19647084,0.80352914
1,0,0.9986744,0.0013256656
1,1,0.39257002,0.60743
0,0,0.9253617,0.074638315
1,0,0.99540883,0.0045911456
1,1,0.16484973,0.8351503
1,0,0.69476914,0.3052309
1,1,0.08902643,0.91097355
0,1,0.025967782,0.9740322
1,1,0.022131315,0.9778686
1,1,0.44839022,0.55160975
0,1,0.44932672,0.55067325
1,0,0.5182678,0.48173216
0,1,0.2613504,0.7386496
0,1,0.06965933,0.93034065
0,1,0.37224412,0.6277559
0,0,0.9811585,0.018841434
0,1,0.067238204,0.93276185
0,0,0.7050872,0.29491276
1,1,0.47429788,0.52570206
1,0,0.5099032,0.49009678
1,1,0.045209806,0.9547902
1,0,0.83719677,0.16280319
1,0,0.86293125,0.13706878
0,0,0.76060724,0.23939271
1,1,0.04100326,0.9589967
0,1,0.44599977,0.55400026
1,1,0.447255,0.552745
0,1,0.30807874,0.69192123
1,1,0.089931995,0.910068
0,1,0.023877379,0.97612256
1,1,0.47470936,0.52529067
1,0,0.9999447,5.5299497e-05
0,0,0.84268093,0.1573191
1,1,0.32581636,0.6741836
1,0,0.72345644,0.27654347
1,1,0.03875179,0.96124816
1,1,0.0035205483,0.99647945
0,0,0.8142393,0.18576069
0,1,0.3874392,0.61256075
1,0,0.6395153,0.36048472
1,1,0.0008832874,0.9991167
1,1,0.033163644,0.9668364
0,0,0.8342716,0.16572838
1,1,0.28615436,0.7138457
1,1,0.003806112,0.9961939
1,1,0.0051332833,0.9948667
1,1,0.4525291,0.54747087
0,0,0.877847,0.122153
1,1,0.14542043,0.85457957
1,0,0.99847,0.001529964
1,0,0.5605898,0.4394102
1,0,0.9496576,0.05034236
1,1,0.003046976,0.996953
1,1,0.071601264,0.9283987
1,0,0.888782,0.11121802
1,0,0.7048532,0.29514682
1,1,0.2659724,0.73402756
1,1,0.18670027,0.8132998
0,0,0.6443573,0.35564277
1,0,0.73773205,0.26226792
1,0,0.6299727,0.3700273
0,0,0.7869477,0.2130522
1,1,0.00026528796,0.9997347
1,0,0.6134106,0.38658944
0,0,0.71478456,0.2852154
0,0,0.9335444,0.066455625
1,1,2.8935849e-05,0.99997103
1,1,0.00017255246,0.9998274
1,1,0.07059285,0.9294072
1,1,0.057659116,0.94234085
1,1,0.0006256925,0.99937433
1,1,0.0022937525,0.9977062
0,1,0.0017637198,0.9982363
1,1,0.1626371,0.83736295
1,0,0.7296836,0.27031642
1,1,0.05914551,0.9408545
1,1,0.04547161,0.95452833
0,0,0.83141226,0.16858773
1,0,0.79519194,0.20480804
1,1,0.17110536,0.8288947
1,1,0.004972521,0.9950275
1,1,0.10297067,0.8970294
1,0,0.91477984,0.08522019
0,0,0.6883893,0.3116107
0,1,0.00013711883,0.9998629
1,0,0.89977235,0.10022763
1,0,0.8078184,0.1921816
0,1,0.31055412,0.68944585
1,1,0.09359367,0.9064064
0,1,0.07008491,0.92991513
1,1,0.02407194,0.97592807
1,1,0.018182417,0.98181754
1,1,0.28702277,0.7129772
1,0,0.77015895,0.22984104
0,1,0.04433174,0.95566833
1,1,0.12360482,0.8763952
1,1,0.41231927,0.58768076
0,1,0.092383906,0.9076161
1,1,0.03190118,0.9680988
1,1,0.49403077,0.5059692
0,0,0.93446165,0.065538354
0,1,0.23186894,0.7681311
1,1,0.013313279,0.9866867
1,0,0.9557072,0.044292796
0,0,0.7848427,0.21515727
0,0,0.858227,0.14177296
1,1,0.21029413,0.7897059
1,1,0.13822156,0.86177844
1,1,0.008830307,0.9911697
1,0,0.7559439,0.24405617
1,1,0.04753929,0.9524607
1,1,0.2645727,0.7354273
1,1,0.236471,0.76352906
0,0,0.77029306,0.22970691
1,1,0.10122174,0.8987782
1,0,0.7969303,0.20306969
1,1,9.6770855e-06,0.99999034
1,1,0.12864351,0.8713565
1,1,0.1756315,0.8243685
0,1,0.44944713,0.5505529
1,0,0.85360223,0.14639775
1,1,0.13832988,0.86167014
1,1,0.34747478,0.6525252
1,0,0.67783904,0.32216096
1,1,0.116911985,0.883088
0,0,0.99887484,0.0011251073
1,0,0.9498404,0.050159525
1,0,0.523064,0.47693598
0,0,0.9919199,0.008080102
0,0,0.8310015,0.16899844
0,0,0.5608851,0.43911496
1,1,0.014549753,0.98545027
0,0,0.8055429,0.19445713
1,1,0.021695442,0.9783045
1,0,0.84319335,0.15680663
1,0,0.922399,0.077601
0,0,0.9240882,0.075911835
0,0,0.95095253,0.0490475
0,0,0.5635614,0.4364386
1,0,0.9803813,0.019618744
0,0,0.59353733,0.40646267
1,0,0.5296336,0.47036645
0,1,0.43630868,0.5636914
0,1,0.009719296,0.9902806
1,1,0.17183912,0.8281609
0,1,0.11821818,0.8817818
0,1,0.12536684,0.87463313
1,1,0.17766324,0.8223368
1,1,0.008268477,0.9917316
1,1,0.006919286,0.9930807
1,1,0.2059622,0.7940378
1,1,0.008952388,0.9910477
0,1,0.12431223,0.8756878
0,0,0.9444497,0.05555025
1,1,0.24708658,0.7529135
0,0,0.8584245,0.14157557
1,1,0.0026444283,0.9973556
1,1,0.1911324,0.8088677
0,0,0.98050433,0.019495584
1,1,0.060177833,0.93982214
1,0,0.75859165,0.24140832
1,0,0.8194868,0.1805132
0,0,0.7305769,0.26942316
1,0,0.7704897,0.22951029
1,0,0.9709698,0.029030234
1,1,0.41255495,0.5874451
1,1,0.0072057,0.9927942
1,0,0.93358284,0.06641717
1,0,0.7447865,0.25521347
1,1,0.106666826,0.89333314
1,1,0.00038918608,0.99961084
0,0,0.7578827,0.24211726
1,1,0.36234674,0.6376533
1,1,0.22474577,0.7752543
0,1,0.13847424,0.8615257
1,1,0.00027110163,0.99972886
1,1,0.0072338665,0.99276614
1,1,0.26291257,0.7370874
0,0,0.6837769,0.31622306
0,0,0.9737195,0.026280455
0,0,0.8542661,0.1457339
0,1,0.1364374,0.8635626
1,1,0.48563677,0.5143632
1,1,0.025031032,0.974969
0,1,0.19225872,0.8077413
0,0,0.99874556,0.00125445
0,0,0.9712044,0.028795587
1,1,0.17134488,0.82865506
1,1,0.3379077,0.6620923
0,0,0.68058723,0.31941277
0,0,0.76908106,0.23091894
0,1,0.4473717,0.5526283
1,0,0.969611,0.030388977
1,0,0.8024849,0.19751509
1,1,0.13543333,0.8645666
0,0,0.7589238,0.24107617
1,0,0.9390605,0.060939495
1,0,0.82701504,0.17298496
0,1,0.35333043,0.64666957
1,1,0.00040576755,0.9995943
1,1,0.12896933,0.8710307
1,1,0.013198859,0.98680115
1,1,0.001044567,0.99895537
1,1,0.002758673,0.9972414
1,1,0.06665377,0.9333462
0,0,0.93839705,0.061602917
0,1,0.13311896,0.8668811
1,1,0.45144454,0.5485555
0,0,0.5679429,0.43205705
0,1,0.0047008633,0.9952991
1,0,0.8341756,0.1658244
