0,0,0,0,0,0,0,0,0,0,0,0,0,0,0,0,0,0,0,0,0
0.84615386,0.90909094,0.75,0.75,0.75,0.71428573,0,0.75,0.5,0.88235295,0,0.71428573,0.75,1.0,0.6666667,0.75,0,0.6666667,1.0,0,0.6666667,0.5,0.8333333,0.75,0,0.75
0,0,0,0,0,0,0,0,0,0,0,0,0,0,0,0,0,0,0,0
1.0,1.0,1.0,0,0,0,0,0,0,1.0,0,0,0,0,0,0,0,0,0
0.7586004,0.76792157,0.6981957,0.6903637,0.67433417,0.691398,0.5371901,0.6738626,0.48509642,0.8570106,0.4318182,0.77758735,0.71847975,0.5269673,0.53523904,0.6411058,0.43373495,0.5561713,0.5770751,0.5229202,0.73887813,0.63104916,0.6707255,0.56200475,0.44444445,0.6209564
0,0,0,0,0,0,0,0,0,0,0,0,0,0,0,0,0,0,0,0,0,0,0,0,0,0,0,0,0,0,0,0,0
0,0,0,0,0,0,0,0,0,0,0,0,0,0,0,0,0,0,0,0,0,0,0,0,0,0,0,0,0,0,0,0,0,0,0,0,0,0,0,0
0,0,0,0,0,0,0,0,0,0,0,0
0,0,0,0,0,0,0,0,0,0,0,0,0,0,0,0
0,0,0,0,0,0,0,0,0,0,0,0,0,0,0,0,0,0,0,0,0
0,0,0,0,0,0,0,0,0,0,0,0,0,0,0,0,0,0,0,0,0,0,0,0,0,0,0
0,0,0,0,0,0,0,0,0,0,0,0
0,1.0,1.0,0,0,0,0,0,0,1.0,0,0,0,0,0,0,0,0,0,0,0,0,0,0,0,0,0,0,0,1.0
0.77409863,0.79936266,0.8122608,0.76266843,0.7686557,0.75542396,0.47877347,0.69217485,0.5608647,0.8020942,0.38733405,0.63224924,0.5803929,0.5701517,0.5740704,0.52954257,0.57050043,0.44906074,0.65891397,0.53161985,0.66742694,0.69727147,0.61276805,0.65084994,0.5657828,0.72318226,0.6617281,0.4914641
0,0,0,0,0,0,0,0,0,0,0,0,0,0,0,0,0,0,0,0,0,0,0,0,0,0
0,0,0,0,0,0,0,0,0,0,0,0,0,0,0,0,0,0,0,0,0,0,0,0,0,0,0,0,0
0,0,0,0,0,0,0,0,0,0,0,0,0,0,0,0,0,0,0,0,0
0.8498344,0.77458996,0.79756194,0.759696,0.6866306,0.6917332,0.46830314,0.6484095,0.4926709,0.85260814,0.4998489,0.66568834,0.62107396,0.53768826,0.65465015,0.6584803,0.49855682
0,0,0,0,0,0,0,0,0,0,0,0,0,0,0,0,0,0,0,0,0,0
0,0,0,0,0,0,0,0,0,0,0,0,0
0,0,0,0,0,0,0,0,0,0,0,0,0,0,0,0,0,0,0,0,0,0,0,0,0,0,0,0,0,0,0,0,0,0,0,0,0,0,0,0,0,0,0,0,0
0.9854246,0.9855824,0.98545605,0.9828488,0.9850872,0.98447573,0.9004446,0.980274,0.9296626,0.9849622,0.9361741,0.98412746,0.97647697,0.9856315,0.9851962,0.98418087,0.9809903,0.87672734,0.7630154,0.96643895,0.983298,0.98541754,0.9841794,0.9857753,0.6900542,0.9854031,0.98524797,0.9830265,0.88145626,0.9857947,0.981973,0.91091406,0.86802536,0.51110804,0.9799563,0.984454,0.98329604
0,0,0,0,0,0,0,0,0,0,0,0,0,0,0,0,0,0,0,0,0,0,0
0,0,0,0,0,0,0,0,0,0,0,0,0,0,0,0,0,0,0,0,0,0,0,0,0,0,0,0,0,0,0,0
0.752062,0.7803502,0.76880497,0.6154312,0.6712432,0.7099985,0.4817376,0.6981745,0.54833645,0.7948443,0.51792115,0.6757282,0.6967125,0.57319385,0.5895533,0.6823703,0.5206092,0.49813008,0.6661691,0.62622726,0.54275,0.6695211,0.7356095
0,0,0,0,0,0,0,0,0,0,0,0,0,0,0,0,0,0,0,0,0,0,0,0,0,0,0,0,0,0,0,0,0,0,0,0
0,0,0,0,0,0,0,0,0,0,0,0,0,0,0,0,0,0
0,0,0,0,0,0,0,0,0,0,0,0,0,0,0,0,0,0,0,0,0
0.8683889,0.80600643,0.7510558,0.70380247,0.71844625,0.66137314,0.55474454,0.66857576,0.6216043,0.81616193,0.600939,0.7298618,0.67948717,0.68248886,0.57201684,0.68269104,0.5153061,0.54694414
0.3369908,0.34173802,0.34803146,0.35711172,0.3631918,0.36525038,0.5056818,0.38810855,0.6270287,0.3170282,0.46198854,0.3191463,0.40160024,0.42890358,0.4172736,0.38356012,0.5443851,0.20135337
0,0,0,0,0,0,0,0,0,0,0,0,0,0,0,0,0,0,0
0,0,0,0,0,0,0,0,0,0,0,0,0,0,0,0
0,0,0,0,0,0,0,0,0,0,0,0,0,0,0,0,0,0,0,0,0,0,0,0,0,0,0,0,0,0,0,0
0,0,0,0,0,0,0,0,0,0,0,0,0,0,0,0,0,0,0,0,0,0,0,0,0,0,0
0,0,0,0,0,0,0,0,0,0,0,0,0,0,0,0,0,0,0,0,0,0,0,0,0,0
0,0,0,0,0,0,0,0,0,0,0,0,0,0,0,0,0,0,0,0,0,0,0,0,0
0.6362929,0.6387761,0.5642587,0.6108974,0.62325454,0.5382537,0.53763276,0.5994117,0.5491535,0.6001687,0.38340142,0.60504615,0.53991324,0.48975232,0.546207,0.62554884,0.5232328,0.538452,0.5150383,0.49581283,0.63542515,0.54198176,0.5856347
0,0,0,0,0,0,0,0,0,0,0,0,0,0,0
0,0,0,0,0,0,0,0,0,0,0,0,0,0,0,0,0,0
0,0,0,0,0,0,0,0,0,0,0,0,0,0,0
1.0,1.0,1.0,0,0,1.0,0,0,0,1.0,0,1.0,0,0,0,0,0,0,0,0,0,0,0
0.8235294,0.70053476,0.7305389,0.5753425,0.6481481,0.6183206,0.625,0.57575756,0.59375,0.8579235,1.0,0.7902439,0.5540541,0.6333333,0.6086956,0.6785714,0.5714286,0.54761904
0,0,0,0,0,0,0,0,0,0,0,0,0,0,0,0,0,0,0
0,0,0,0,0,0,0,0,0,0,0,0,0,0,0,0,0,0,0,0
0,0,0,0,0,0,0,0,0,0,0,0,0,0,0,0,0
0,0,0,0,0,0,0,0,0,0,0,0,0,0,0,0,0,0,0,0,0
0,0,0,0,0,0,0,0,0,0,0,0,0,0,0,0,0,0,0,0,0,0,0,0,0
0,0,0,0,0,0,0,0,0,0,0,0,0,0,0,0,0,0,0,0,0
0,0,0,0,0,0,0,0,0,0,0,0,0,0,0,0,0,0,0,0,0,0
0.6666667,0.6666667,0.6666667,0.5,0.5,0.5,0,0.5,0,0.75,0,0.6666667,0.0,0,0,0.5,0,0,0,0,0.0,0.0,0.0,0.5,0,0.0,0.0,0,0,0.8,0.5,0,0,0,0,0.6666667
0,0,0,0,0,0,0,0,0,0,0,0,0,0
0,0,0,0,0,0,0,0,0,0,0,0,0,0,0,0,0
0,0,0,0,0,0,0,0,0,0,0,0,0,0,0,0,0,0,0
0,0,0,0,0,0,0,0,0,0,0,0
0,0,0,0,0,0,0,0,0,0,0,0,0,0,0,0,0,0
1.0,1.0,1.0,1.0,0,1.0,0,1.0,0,1.0,0,1.0,1.0,0
0,0,0,0,0,0,0,0,0,0,0,0,0,0,0,0,0,0,0,0,0,0,0,0,0,0,0,0
0,0,0,0,0,0,0,0,0,0,0,0,0,0,0,0,0,0,0,0,0,0,0
0.78038114,0.83914125,0.8501318,0.5892087,0.6487111,0.7310724,0.48638275,0.74785817,0.6416331,0.7380293,0.43193716,0.7106599,0.61257,0.5710946,0.59980005,0.63637197,0.5866605,0.59795314
0,0,0,0,0,0,0,0,0,0,0,0,0,0,0,0
0,0,0,0,0,0,0,0,0,0,0,0,0,0,0,0
0,0,0,0,0,0,0,0,0,0,0
0.6580802,0.64005166,0.71293527,0.52134967,0.54697096,0.51741976,0.44568285,0.48387143,0.5533578,0.6458991,0.5453081,0.68088806,0.573384,0.57864153,0.43378118,0.5998865
0.7596987,0.8513712,0.8108837,0.6207254,0.66318655,0.6741284,0.46376812,0.53341013,0.5613497,0.72979164,0.5555556,0.71305686,0.48865154,0.5273973,0.6232339,0.60465115,0.4864865,0.52590674,0.44347826,0.58450705,0.77611285
0,0,0,0,0,0,0,0,0,0,0,0,0,0,0,0,0,0,0
0.99831825,0.9984465,0.9984077,0.99798626,0.9981527,0.9982369,0.73678666,0.9981282,0.94675994,0.9979146,0.9057332,0.99809223,0.99762577
0,0,0,0,0,0,0,0,0,0,0,0,0,0,0
0,0,0,0,0,0,0,0,0,0,0,0,0
0,0,0,0,0,0,0,0,0,0,0,0,0,0,0,0
0,0,0,0,0,0,0,0,0,0,0,0,0,0,0,0,0
0.8181405,0.7889495,0.82715553,0.7286036,0.755608,0.6666667,0.58181816,0.6635659,0.59745765,0.7522342,0.5,0.70501137,0.6864,0.5625
0,0,0,0,0,0,0,0,0,0,0,0,0,0,0,0
0.45987788,0.47231403,0.4591029,0.5536424,0.51270086,0.5649911,0.5434336,0.6418356,0.48164478,0.44589823,0.5379048,0.5388721,0.49415165
0,0,0,0,0,0,0,0,0,0,0,0,0,0,0,0,0
0,0,0,0,0,0,0,0,0,0,0,0,0,0
0.7479675,0.88125,0.78350514,0.6707317,0.59090906,0.70542634,0.6,0.6666667,0.5769231,0.7513812,1.0,0.7067669,0.5942029
0,0,0,0,0,0,0,0,0,0,0,0,0,0,0,0,0,0,0,0,0,0,0,0,0,0,0,0,0,0,0,0,0,0,0,0,0,0,0,0,0
0,0,0,0,0,0,0,0,0,0,0,0,0,0,0,0,0,0,0,0,0,0,0,0,0,0
0,0,0,0,0,0,0,0,0,0,0,0,0,0,0,0,0
0.7511016,0.81856155,0.67264426,0.6396171,0.6359153,0.72293955,0.4976432,0.55666703,0.5083821,0.80350786,0.52909446,0.780476,0.6704818,0.54481184,0.58605003,0.69304615,0.5260099,0.5129209,0.56391436,0.46712926,0.6786175,0.5434125,0.6684823,0.7229121,0.5722465,0.5988009
0,0,0,0,0,0,0,0,0,0,0,0,0,0,0,0,0,0,0
0,0,0,0,0,0,0,0,0,0,0,0,0,0
0,0,0,0,0,0,0,0,0,0,0,0,0,0,0,0,0,0,0,0,0,0,0
0,0,0,0,0,0,0,0,0,0,0,0,0,0,0,0,0,0,0,0,0,0,0,0,0,0,0,0,0,0,0,0,0,0,0,0,0,0,0,0
0,0,0,0,0,0,0,0,0,0,0,0
0,0,0,0,0,0,0,0,0
0,0,0,0,0,0,0,0,0,0,0,0,0,0,0,0,0,0
0,0,0,0,0,0,0,0,0,0,0,0,0,0,0,0,0,0,0,0,0,0
0,0,0,0,0,0,0,0,0,0,0,0,0,0,0,0,0,0,0
0,0,0,0,0,0,0,0,0,0,0,0,0,0
0,0,0,0,0,0,0,0,0,0,0,0
0,0,0,0,0,0,0,0,0,0,0,0
0,0,0,0,0,0,0,0,0,0,0,0,0,0,0,0,0,0,0,0
0.7202984,0.8662651,0.76414514,0.6605748,0.7010703,0.7540098,0.5071407,0.5721859,0.57879686,0.8290768,0.4609618,0.68670857,0.5981386,0.5268188,0.62826544
0,0,0,0,0,0,0,0,0,0,0,0,0,0,0,0
0.9992271,0.99917674,0.99926406,0.99763167,0.9988438,0.99820167,0.86803794,0.99862516,0.9297064,0.9992353,0.8076039,0.99922293
0,0,0,0,0,0,0,0,0,0,0,0,0,0,0,0,0,0,0,0,0,0,0,0,0,0,0
0,0,0,0,0,0,0,0,0,0,0,0,0,0,0,0
0,0,0,0,0,0,0,0,0,0,0,0,0,0,0,0
0.13803715,0.22076562,0.23181559,0.3221417,0.40913075,0.2909589,0.51161945,0.3992613,0.5594996,0.1850749,0.8399702,0.27632356
0,0,0,0,0,0,0,0,0,0,0
0,0,0,0,0,0,0,0,0,0,0,0,0,0,0,0,0
0,0,0,0,0,0,0,0,0,0,0,0,0,0,0,0,0,0
0,0,0,0,0,0,0,0,0,0,0,0,0,0,0,0,0
0,0,0,0,0,0,0,0,0,0,0,0,0
0,0,0,0,0,0,0,0,0,0,0,0,0,0,0
0,0,0,0,0,0,0,0,0,0,0,0,0,0,0,0
0,0,0,0,0,0,0,0,0,0,0,0,0,0,0
0.9984327,0.9979916,0.9984551,0.99801004,0.99838257,0.9982011,0.88236773,0.9982949,0.9428341,0.99834234,0.94386953,0.9977528,0.99831283,0.99110985,0.9970881
0,0,0,0,0,0,0,0,0,0,0,0
0,0,0,0,0,0,0,0,0,0,0,0,0,0,0,0,0,0,0
0,0,0,0,0,0,0,0,0,0,0,0,0,0,0,0,0,0,0,0,0,0
0.76666665,0.7704918,0.78350514,0.5641026,0.63265306,0.6891892,0.5,0.7619048,0.53333336,0.8372093,0,0.61904764,0.6666667,0.6111111,0.53571427,0.6969697,0.5,0.625
0,0,0,0,0,0,0,0,0,0,0,0
0,1.0,0,0,0,0,0,0,0,0,0,0,0,0,0,0,0,0,0,0
0,0,0,0,0,0,0,0,0,0,0,0,0,0,0,0,0,0,0,0,0,0,0,0,0,0,0,0,0,0,0,0,0,0
0,0,0,0,0,0,0,0,0,0,0
1.0,1.0,1.0,0,0,0,0,0,0,1.0,0,0
0,0,0,0,0,0,0,0,0,0,0,0,0,0,0,0,0,0,0,0,0,0,0,0,0
0.74998486,0.8385602,0.8687654,0.71484375,0.7163795,0.74195355,0.49044585,0.67443955,0.5420322,0.8311399,0.4516129,0.6061514,0.5955665,0.5305508,0.54824215,0.71735317
0,0,0,0,0,0,0,0,0,0,0,0
0,0,0,0,0,0,0,0,0,0,0
0,0,0,0,0,0,0,0,0
0,0,0,0,0,0,0,0,0,0
0,0,0,0,0,0,0,0,0,0,0,0,0,0,0,0,0,0
0.75381315,0.71565825,0.729953,0.68934643,0.5604301,0.68908656,0.52100843,0.64984053,0.5527064,0.78914136,0.5972397,0.75637203,0.64327645,0.5074838,0.5510204,0.626568,0.5615499,0.5816827,0.5625781
0,0,0,0,0,0,0,0,0,0,0,0,0,0
1.0,1.0,0,0,0,0,0,0,0,0,0,0,0,0
0.7722583,0.8225843,0.81188065,0.6471931,0.58273584,0.71698046,0.52760345,0.6478756,0.56710476,0.77477443,0.50601923,0.71507496,0.65266836,0.6337461,0.6136758,0.62208086
0.77601755,0.810106,0.8122634,0.6710298,0.745106,0.786877,0.4615771,0.6173634,0.52166206,0.874681,0.47401774,0.55485004,0.67274386,0.6139989,0.5542478,0.633617
0.585359,0.5612043,0.5318549,0.5556591,0.6053831,0.66579443,0.54750246,0.52156353,0.492828,0.54861206,0.49457905,0.49917072
0,0,0,0,0,0,0,0,0,0,0,0,0,0,0,0,0,0,0,0,0
0,0,0,0,0,0,0,0,0,0,0,0,0,0,0,0,0,0,0
0,0,0,0,0,0,0,0,0,0,0,0,0,0,0
0,0,0,0,0,0,0,0,0,0,0,0,0
0.8687163,0.83486515,0.8540612,0.7435289,0.71907717,0.69932175,0.38507155,0.6239807,0.5157899,0.8388784,0.44490007,0.6934604,0.61061686,0.56543136,0.6405181,0.62162596,0.490778
0.80656606,0.737195,0.76459974,0.70284224,0.7062701,0.71403325,0.61156297,0.5293554,0.38039726,0.79311955,0.4851267,0.6978906,0.6386596,0.44750682,0.6802242,0.7462272
0,0,0,0,0,0,0,0,0,0,0,0,0,0,0,0,0,0,0,0,0,0,0,0,0,0
0,0,0,0,0,0,0,0,0,0,0,0,0
0,0,0,0,0,0,0,0,0,0,0,0,0,0,0,0,0,0,0,0,0,0,0
1.0,1.0,1.0,1.0,1.0,1.0,0,1.0,1.0,1.0,0,1.0,1.0,1.0,1.0,1.0,1.0
0,0,0,0,0,0,0,0,0,0,0,0,0,0,0,0
0,0,0,0,0,0,0,0,0,0,0,0,0,0,0,0,0,0,0,0,0
0,0,0,0,0,0,0,0,0,0,0
0.7322893,0.8087197,0.61551183,0.582507,0.6413354,0.6454052,0.4166505,0.7626539,0.5528421,0.8116663,0.51276976,0.67294234,0.61988467
0.21984437,0.20561272,0.18475913,0.26585886,0.27743873,0.21711077,0.3452213,0.25126395,0.4790308,0.19962896,0.5096719
0,0,0,0,0,0,0,0,0,0,0,0,0,0,0,0
0,0,0,0,0,0,0,0,0,0,0,0,0,0,0,0,0,0,0
0,0,0,0,0,0,0,0,0,0,0,0,0,0,0,0,0,0,0
0,0,0,0,0,0,0,0,0,0,0,0,0,0,0
0.7912458,0.8203356,0.82894737,0.6761905,0.73134327,0.6354776,0.6333333,0.5724138,0.57894737,0.7673888,0.5,0.65256125,0.60457516,0.6142857,0.61009175,0.6422764,0.51724136,0.70520234
1.0,1.0,1.0,0,0,0,0,0,0,1.0,0,0,0,0,0,0
0.77272725,0.82758623,0.7368421,0.7692308,0.7,0.78571427,0,0.5714286,0.6666667,0.9390244,0,0.84210527,0.71428573
0,0,0,0,0,0,0,0,0,0,0,0,0,0,0,0,0,0,0,0,0
0,0,0,0,0,0,0,0,0,0,0,0,0,0,0,0,0,0,0,0,0,0,0,0,0,0,0
0,0,0,0,0,0,0,0,0,0,0,0,0,0,0,0,0,0,0,0,0,0,0,0,0,0,0,0,0,0,0,0,0,0,0,0,0,0
0,0,0,0,0,0,0,0
0,0,0,0,0,0,0,0,0,0,0,0,0,0,0,0,0,0,0,0,0,0,0,0
0,0,0,0,0,0,0,0,0,0,0,0
0,0,0,0,0,0,0,0,0,0,0,0,0,0,0,0,0,0
0,0,0,0,0,0,0,0,0,0,0,0,0,0
0,0,0,0,0,0,0,0,0,0,0,0,0,0,0,0
0,0,0,0,0,0,0,0,0,0,0,0,0,0,0,0,0
0,0,0,0,0,0,0,0,0,0,0,0,0,0,0,0,0,0,0,0,0,0,0,0,0,0,0,0,0,0,0,0,0,0,0,0,0,0,0,0,0,0,0,0,0,0,0,0
0.6517139,0.7358489,0.7532089,0.49183282,0.60069054,0.65378183,0.49844274,0.6434553,0.61757314,0.7092061
0,0,0,0,0,0,0,0,0,0,0
0,0,0,0,0,0,0,0,0,0,0,0,0,0,0,0,0,0,0,0,0,0,0,0,0,0,0,0,0,0,0,0,0,0,0,0,0,0,0,0,0,0,0,0,0,0,0,0,0,0,0,0,0,0,0,0
0,1.0,1.0,0,0,0,0,0,0,1.0,0,0,0,0,0,0,0,0,0,0,0,0,0,1.0,0,0,0,0,0,1.0,1.0,0,0,0,0,0,0,0,0,0,0,0,0,0,0,0,0,0,0,0,0,0,0,0,0,0,0,0,0,0
0,0,0,0,0,0,0,0,0,0,0
0,0,0,0,0,0,0,0,0,0,0,0,0,0,0
0,0,0,0,0,0,0,0,0,0,0,0,0,0,0,0,0
0,0,0,0,0,0,0,0
0,0,0,0,0,0,0,0,0,0,0,0,0,0,0,0,0,0,0,0,0,0,0,0,0,0,0,0,0,0,0,0,0,0,0,0,0,0,0,0,0,0,0,0,0,0,0,0,0,0,0,0,0,0,0,0,0,0,0,0,0,0
0,0,0,0,0,0,0,0,0,0,0,0,0,0,0,0,0,0,0,0,0,0,0,0,0,0,0,0,0,0,0,0,0,0,0,0
0.7201534,0.74702173,0.7501153,0.6557795,0.72581166,0.5889306,0.43352273,0.6621834,0.6240932,0.77045345,0.15725882
0,0,0,0,0,0,0,0,0,0,0,0,0,0,0,0,0,0,0,0,0,0
0,0,0,0,0,0,0,0,0,0,0,0,0,0,0,0,0,0
0.36008722,0.33318582,0.30155432,0.49144134,0.45185027,0.35431173,0.41151902,0.5268716,0.47677705,0.3448821,0.4217709,0.36766458
0,0,0,0,0,0,0,0,0,0,0,0,0,0,0,0,0
0.48727736,0.5888133,0.58053434,0.5425301,0.57973564,0.5869035,0.45015436,0.5242579,0.56361353,0.5049858,0.5580817,0.4770102,0.58942825,0.546237
0,0,0,0,0,0,0,0,0,0,0,0,0
0,0,0,0,0,0,0,0,0,0,0,0,0,0,0,0,0,0,0,0,0,0,0,0,0,0,0,0,0,0,0,0,0,0,0,0,0,0,0,0,0,0,0,0,0,0,0,0,0,0,0,0
0,0,0,0,0,0,0,0,0,0,0,0,0,0,0,0,0,0,0,0,0,0,0,0,0,0,0,0,0,0,0,0,0,0,0,0,0,0,0,0,0
0,0,0,0,0,0,0,0,0,0,0,0,0,0,0
0,0,0,0,0,0,0,0,0,0,0
0,0,0,0,0,0,0,0,0,0,0,0,0,0,0,0,0
0.6989002,0.58842754,0.61888117,0.70704097,0.7432628,0.63826746,0.51491916,0.43469974,0.516961,0.5826259,0.54787,0.6690054,0.47585955,0.53062564,0.6968119,0.5842044,0.4383445,0.5380089,0.56282914,0.44609255,0.56336594,0.567466,0.6986896
0,0,0,0,0,0,0,0,0,0,0,0,0,0
0.09831169,0.099739105,0.10644896,0.16144815,0.17470479,0.12705465,0.5461811,0.1836454,0.36637732
0,0,0,0,0,0,0,0
0.875,0.9,0.85714287,1.0,0.6666667,0.75,1.0,0.75
0,0,0,0,0,0,0,0,0,0,0,0,0
0,0,0,0,0,0,0,0,0,0,0,0,0,0,0,0,0,0
0,0,0,0,0,0,0,0,0,0,0,0
0,0,0,0,0,0,0,0
0,0,0,0,0,0,0,0,0,0,0,0,0
0,0,0,0,0,0,0,0,0,0,0,0,0,0,0,0,0,0,0,0,0,0,0,0,0,0,0,0,0,0,0,0,0,0,0,0,0,0,0,0,0,0,0,0
0.8458166,0.827504,0.76744187,0.54210526,0.72651356
0.7394544,0.81145215,0.7960581,0.7348579,0.75061876,0.7383436,0.3536982,0.6839869,0.562887,0.7609744,0.55563235,0.70070845,0.6250977,0.5143182,0.57262766,0.760818,0.55485123
0,0,0,0,0,0,0,0,0,0
0,0,0,0,0,0,0,0,0,0,0,0,0,0,0
0,0,0,0,0,0,0,0,0,0,0,0,0,0,0,0
0.80332905,0.84431034,0.8992739,0.6455186,0.6218714,0.8605948,0.47560975,0.573473,0.56383824,0.810595,0.4347826,0.6768308,0.6672982,0.5117925,0.523291,0.6438686,0.516129,0.6071707
0,0,0,0,0,0,0,0,0,0,0,0,0,0,0,0,0
0,0,0,0,0,0,0,0,0,0,0,0,0,0,0,0,0
0,0,0,0,0,0,0,0,0,0,0,0,0,0,0,0
0,0,0,0,0,0,0,0,0
0,0,0,0,0,0,0,0,0,0,0,0,0,0,0,0,0,0,0,0
0,0,0,0,0,0,0,0,0,0,0,0
0,0,0,0,0,0,0,0,0,0,0,0,0,0,0,0,0,0,0,0,0,0,0,0,0,0,0,0,0,0,0,0,0,0,0,0,0,0,0,0,0,0,0,0,0,0,0,0
0,0,0,0,0,0,0,0,0,0,0
0,0,0,0,0,0,0,0,0,0,0,0,0,0,0,0,0,0,0,0,0,0,0,0,0,0,0,0,0,0,0,0,0,0,0,0,0,0,0,0,0,0,0,0,0,0,0,0,0,0
0,0,0,0,0,0,0,0,0,0,0,0,0,0,0,0,0,0,0,0,0,0,0,0,0,0,0,0,0,0,0,0,0,0,0,0,0,0,0,0,0,0
0.7889414,0.84826905,0.773116,0.5887659,0.61599135,0.70983535,0.4913749,0.59954333
0,0,0,0,0,0,0,0,0,0,0,0,0,0,0,0,0,0,0,0,0,0,0
0,0,0,0,0,0,0,0,0,0,0,0,0,0,0,0,0,0,0,0,0,0,0,0,0,0,0,0,0,0,0,0,0,0,0,0,0,0,0
0,0,0,0,0,0,0,0,0,0,0,0,0,0,0,0,0,0,0,0,0,0,0,0,0,0,0,0,0,0,0,0,0,0,0,0,0,0,0,0,0,0,0,0,0,0,0,0,0,0,0,0,0
0,0,0,0,0,0,0,0,0,0,0,0,0,0,0,0,0,0,0,0,0,0,0,0,0,0,0,0,0,0,0,0,0,0,0,0,0,0,0,0,0,0,0,0,0,0
0,0,0,0,0,0,0,0,0,0,0,0,0,0,0,0
0,0,0,0,0,0,0,0,0
0,0,0,0,0,0,0,0,0,0,0,0,0,0,0,0,0,0,0,0,0,0,0,0,0,0
0,0,0,0,0,0,0,0,0,0,0,0,0,0,0,0,0,0,0,0,0,0,0,0,0,0,0,0
0,0,0,0,0,0,0,0,0,0,0,0,0,0,0,0
0,0,0,0,0,0,0,0,0,0,0,0,0,0,0
0,0,0,0,0,0,0,0,0,0,0,0,0,0,0,0,0,0,0,0
0,0,0,0,0,0,0,0,0,0,0,0,0,0
0,0,0,0,0,0,0,0,0,0,0,0,0,0,0,0,0,0,0,0
0,0,0,0,0,0,0,0,0,0,0,0,0,0,0,0,0,0,0,0,0,0,0,0,0,0,0,0,0,0,0,0,0,0,0,0,0,0,0,0,0,0,0,0,0,0,0,0
0.9991092,0.9991752,0.99925935,0.9977484,0.99918836,0.99926805,0.834816,0.99912107,0.9552794,0.9992577,0.96029323,0.99920636,0.99922174,0.9967029,0.99853086,0.99813783,0.99758697,0.9479427
0,0,0,0,0,0,0,0,0,0,0,0,0,0,0,0,0
0,0,0,0,0,0,0,0,0,0,0,0,0,0,0,0
0.75,0.75,0.6666667,1.0,1.0,0.6666667,0,1.0,1.0,0.75,0,0.75,1.0,1.0,1.0,1.0,0,1.0,0,0,1.0,1.0,1.0,0.6666667,0,1.0,1.0
0,0,0,0,0,0,0,0,0,0,0,0,0,0,0,0,0,0,0,0,0,0,0,0,0,0,0,0,0,0,0,0,0,0,0,0,0,0,0,0,0,0,0,0,0
0,0,0,0,0,0,0,0,0,0,0,0,0,0,0,0,0,0,0,0,0,0,0,0,0,0,0,0,0,0,0,0,0,0,0,0,0,0,0,0,0,0,0,0,0,0,0
0,0,0,0,0,0,0,0,0,0,0,0,0,0,0,0,0,0,0
0,0,0,0,0,0,0,0,0
0,0,0,0,0,0,0
0,0,0,0,0,0,0,0,0,0,0,0,0,0,0,0,0,0,0
0,0,0,0,0,0,0
0,0,0,0,0,0,0,0,0,0,0,0,0,0,0,0,0,0,0
0,0,0,0,0,0,0,0
0,0,0,0,0,0,0,0,0,0,0,0,0,0,0,0
0,0,0,0,0,0,0,0,0,0,0,0
1.0,1.0,1.0,0,1.0,0,0,0,0,1.0,0,1.0,0,0,0
0,0,0,0,0,0,0,0,0,0,0,0
0,0,0,0,0,0,0,0,0,0,0,0,0,0,0,0,0
0.7325471,0.7845397,0.7857362,0.630769,0.71792185,0.7307289,0.5509989,0.7290729,0.5802753,0.8181387,0.51881015,0.8048659,0.71019757,0.6128187,0.6268146,0.7546678,0.51559985,0.615693,0.5567886
0,0,0,0,0,0,0,0,0,0,0,0
0,0,0,0,0,0,0
0.80765486,0.7884149,0.66432536,0.67542577,0.61482394,0.68457866,0.4643347,0.6170482,0.6362182,0.84267753,0.45378152,0.7585841,0.7146279,0.61500174,0.6171805,0.68625706,0.5156161,0.553518,0.49681413,0.37297812,0.64569205
0.44922948,0.4155798,0.4660658,0.57457155,0.5419644,0.48583028,0.5015243,0.5602934,0.4506095,0.4162873,0.4611144,0.58586806,0.5253755,0.45248687,0.53716785,0.5505702
0,0,0,0,0,0,0,0,0,0,0,0,0,0,0,0,0,0,0
0,0,0,0,0,0,0,0,0,0
0,0,0,0,0,0,0,0,0,0,0,0,0,0,0,0,0,0
0,0,0,0,0,0,0,0,0,0,0,0,0,0,0,0,0,0,0,0,0,0,0,0
0,0,0,0,0,0,0,0,0,0,0,0,0,0,0,0,0,0,0,0,0,0,0,0,0,0,0,0,0,0,0,0,0,0,0,0,0
0,0,0,0,0,0,0,0,0,0,0,0,0,0,0,0,0,0,0,0
0,1.0,1.0,0,0,0,0,0,0
0,0,0,0,0,0,0,0,0,0,0,0,0,0,0,0,0,0,0,0,0,0,0,0,0,0,0,0,0,0,0,0,0,0,0,0,0,0,0,0,0,0,0,0,0,0
0,0,0,0,0,0,0,0,0,0,0,0,0,0,0,0,0,0,0,0
0,0,0,0,0,0,0,0,0,0,0,0,0
0,0,0,0,0,0,0,0,0,0,0,0
0,0,0,0,0,0,0
0,0,0,0,0,0,0,0,0,0,0,0,0,0,0
0,0,0,0,0,0,0,0,0,0,0,0,0,0,0,0,0,0
0.85714287,0.85714287,0.875,0.75,0.8,0.8333333
1.0,1.0,1.0,0,0,0,0,0,0,1.0,0
0.6650693,0.726857,0.6690046,0.55950886,0.60971355,0.62977016,0.40985024,0.47572502,0.49003452,0.7447561,0.21685101,0.6933644,0.56086206,0.6521716,0.5350835,0.6073246,0.47062185
0,0,0,0,0,0,0
1.0,1.0,1.0,0,0,1.0,0
0,0,0,0,0,0,0,0,0,0,0,0,0,0,0
0.94058645,0.93473035,0.9378401,0.93927866,0.940221,0.91847074,0.7232786,0.93401444,0.7678068,0.9431848,0.80897963,0.9433574,0.9439331
0.77254504,0.79029495,0.6207736,0.73374593,0.62148726,0.7372496,0.52842873,0.60013455,0.58046883,0.87612194,0.476874,0.80925083,0.64148015
0,0,0,0,0,0,0,0,0,0,0,0,0,0,0,0,0
0,0,0,0,0,0,0,0,0,0,0,0,0,0,0,0
0.7159908,0.7212142,0.7170855,0.5934821,0.6671066,0.6421591,0.48019168,0.5650166,0.5194841,0.72376394,0.61742043,0.6643804,0.62351817,0.4317953
0.7429439,0.76822364,0.69803613,0.7159676,0.6695179,0.64581716,0.4498921,0.6256637,0.5460832,0.8230731,0.49354768,0.74068445
0,0,0,0,0,0,0,0,0,0,0,0
0,0,0,0,0,0,0,0,0,0,0,0,0,0,0,0
0.8473896,0.7626168,0.7939189,0.6533865,0.59042555,0.6057692,0.5714286,0.6875,0.6363636,0.87844825,0.5,0.80085653,0.6846154,0.5555556,0.47058824
0,0,0,0,0,0,0,0,0,0,0,0,0,0,0
0,0,0,0,0,0,0,0,0,0,0,0,0,0,0,0,0,0
0,0,0,0,0,0,0,0,0,0,0,0,0,0,0,0,0,0,0,0,0,0,0,0,0,0,0,0,0,0,0,0,0,0,0,0,0,0,0,0,0,0
0,0,0,0,0,0,0,0,0
0.7437796,0.74958175,0.8029795,0.74161434,0.53265315,0.7201969,0.6097132,0.70849836,0.46358272,0.85643643,0.5271736,0.7739392,0.58478737,0.65664786,0.5970184,0.5982042
0,0,0,0,0,0,0,0,0,0,0,0,0,0,0,0,0,0,0,0
0,0,0,0,0,0,0,0,0,0,0,0,0,0,0,0,0,0,0,0,0,0,0,0,0,0,0,0,0,0,0,0,0,0,0,0,0
0,0,0,0,0,0,0,0,0,0,0,0,0,0,0,0,0,0,0,0,0,0,0,0,0,0,0,0,0,0,0
0,0,0,0,0,0,0,0,0,0,0,0,0,0,0,0,0,0,0,0,0,0,0,0,0,0,0,0,0,0,0,0,0,0
0,0,0,0,0,0,0,0,0,0,0,0,0,0,0,0,0,0,0,0,0,0,0,0,0,0,0,0,0,0,0
0,0,0,0,0,0,0,0,0,0,0,0
0,0,0,0,0,0,0,0,0,0,0,0,0,0,0,0,0,0,0
0,0,0,0,0,0,0,0,0,0,0,0,0,0,0,0,0
0.39272,0.31810695,0.3860297,0.43558544,0.44793063,0.39534223
0.5,0.8,0.5,0.5,0.0,0.5,0,0.0,0,0.6666667,0,0.6666667,0.0,0,0.0,0.5,0,0,0,0,0.0,0,0.0,0.5,0,0.0,0.0,0,0.0,0.6666667,0.5,0,0,0,0.0,0.5,0.5,0.0,0,0.0
0,0,0,0,0,0,0,0,0
0,0,0,0,0,0,0,0,0,0,0,0,0,0,0,0,0,0,0,0,0,0,0,0,0,0,0,0,0,0,0,0,0,0,0,0,0,0
0,0,0,0,0,0,0
0,0,0,0,0,0,0,0,0,0,0,0,0,0,0,0
0,0,0,0,0,0,0,0,0,0,0,0,0,0,0,0,0,0,0,0,0,0,0,0,0,0,0,0,0,0,0,0,0,0,0,0,0,0,0,0,0,0,0,0,0,0,0,0,0,0,0,0,0,0,0
0.73333335,0.8580247,0.6455696,0.7288136,0.65957445,0.6603774,0.5,0.61764705,0.5625,0.8217054,0,0.72307694,0.70454544,0.64705884,0.47368422,0.6415094,0.5,0.52380955
0,0,0,0,0,0,0,0,0,0,0,0,0,0,0
0,0,0,0,0,0,0,0,0
0,0,0,0,0,0,0,0,0,0,0,0,0,0,0,0,0,0,0
0,0,0,0,0,0,0,0,0,0,0,0,0,0,0,0,0,0,0,0,0,0,0,0,0,0,0,0,0,0,0,0,0,0,0,0,0,0,0,0,0,0,0,0,0,0,0
0,0,0,0,0,0,0,0,0,0,0,0,0,0
0,0,0,0,0,0,0,0,0,0,0,0,0,0,0,0,0,0,0,0,0,0,0,0,0,0,0,0,0,0,0,0,0,0,0,0
0,0,0,0,0,0,0,0,0,0,0,0
0.99999905,0.9999981,0.9999944,0.9996585,0.9996361,0.99993426,0.89285713,0.9996511,0.94,0.99999887,0.9318182,0.9999868,0.99984187,0.9647059
0,0,0,0,0,0,0,0,0,0,0,0,0,0,0,0,0,0,0,0,0,0,0,0,0,0,0,0,0,0
0,0,0,0,0,0,0,0,0
0,0,0,0,0,0,0,0,0,0,0,0,0,0,0,0
0,0,0,0,0,0,0,0,0,0,0,0,0,0,0,0,0,0,0,0,0,0,0,0,0,0,0,0,0,0,0,0,0,0,0,0,0,0,0,0,0,0
0,0,0,0,0,0,0,0,0,0,0,0,0,0,0,0,0,0,0,0,0,0,0,0,0,0,0,0,0,0,0,0,0,0,0,0,0,0,0
0,0,0,0,0,0,0,0,0,0,0,0
0,0,0,0,0,0,0,0,0,0,0,0,0,0,0,0,0,0,0,0
0,0,0,0,0,0,0,0,0,0,0,0,0,0,0,0,0,0,0
0,0,0,0,0,0
0,0,0,0,0,0,0,0
0,0,0,0,0,0,0,0,0,0
0,0,0,0,0,0,0,0,0,0,0,0
0,0,0,0,0,0,0,0,0,0,0,0,0,0,0,0
0,0,0,0,0,0,0,0,0,0,0,0,0,0,0,0,0,0,0,0
0,0,0,0,0,0,0,0,0,0,0,0
0,0,0,0,0,0,0,0,0,0,0,0,0,0,0,0,0,0,0,0,0,0,0,0,0,0,0,0,0,0,0,0,0,0,0,0,0,0,0,0,0,0,0,0,0
0,0,0,0,0,0,0,0,0,0,0
0,0,0,0,0,0,0,0,0,0
0,0,0,0,0,0,0,0,0,0,0,0,0,0,0
0,0,0,0,0,0,0,0,0,0,0,0,0,0,0,0,0,0,0,0,0,0,0,0,0,0,0,0,0,0,0,0,0,0,0,0,0,0,0,0,0,0
0,0,0,0,0,0,0,0,0,0,0,0,0
0,0,0,0,0,0,0,0
0,1.0,1.0,0,0,1.0,0,0,0
0.8722746,0.835812,0.6707938,0.70157635,0.59538823,0.71673,0.3997136,0.7973558,0.4751324,0.88030356,0.64669025
0.7149841,0.7796744,0.74680126,0.6065982,0.598369,0.74057597,0.53867024,0.66064286,0.4963786,0.69179296,0.53302675,0.7812546,0.69532335,0.53946996,0.70591915
0,0,0,0,0,0,0,0,0,0,0,0,0,0,0
0,0,0,0,0,0,0,0,0,0,0,0,0,0,0,0,0,0,0,0,0,0,0,0
0,0,0,0,0,0,0,0,0,0,0,0,0
0,0,0,0,0,0,0,0
0.32578295,0.2918892,0.30400127,0.46642756,0.4205091,0.44568512
0,0,0,0,0,0,0,0,0,0,0,0,0,0,0,0,0,0,0,0,0,0,0,0,0,0,0,0,0,0,0,0,0
0,0,0,0,0,0
0,0,0,0,0,0,0,0,0,0,0,0,0,0,0,0,0,0
0.504053,0.50562495,0.5570942,0.6294478,0.59494245,0.5816161,0.5850087,0.6164019,0.59630406,0.5494487,0.47617558,0.56691146,0.5635978,0.5986397,0.6043979,0.53396773,0.4782328,0.4579154,0.532819,0.46083492
0,0,0,0,0,0,0,0
0,0,0,0,0,0,0,0,0,0,0,0,0,0,0,0,0,0,0
0.15525396,0.1597281,0.14884384,0.23992822,0.245652,0.18862616,0.5612716,0.19412908,0.553004,0.13556582,0.40696013,0.16512643,0.22457586,0.53871995,0.30419523,0.24294303,0.54418135
0,0,0,0,0,0,0,0,0,0,0,0,0,0,0,0,0
0,0,0,0,0,0,0,0,0,0,0
0,0,0,0,0,0,0,0,0,0,0,0,0,0,0,0,0,0,0,0,0,0,0,0,0,0,0,0,0,0,0,0,0,0,0
0,0,0,0,0,0,0,0,0,0,0,0,0,0,0,0,0,0,0,0,0,0,0,0,0,0,0,0,0,0,0,0,0,0,0,0,0,0,0,0,0,0,0,0,0,0,0,0,0
0,0,0,0,0,0,0,0,0,0,0,0,0,0,0,0,0,0,0,0,0,0,0,0,0,0,0,0,0,0,0,0,0,0,0,0,0,0,0,0,0,0,0,0,0,0,0,0,0
0,0,0,0,0,0,0,0,0,0,0,0,0,0,0,0,0,0,0,0,0,0,0,0,0,0,0,0,0,0,0,0,0,0,0,0,0,0,0,0,0,0,0,0,0,0,0,0,0,0,0
0,0,0,0,0,0,0,0,0,0,0,0,0,0,0,0,0,0,0,0,0,0,0,0,0,0,0,0,0,0,0,0,0,0,0,0,0,0,0,0,0,0,0,0,0,0,0,0,0,0
0,0,0,0,0,0,0,0,0,0,0,0,0,0,0,0
0,0,0,0,0,0,0,0,0,0,0,0,0,0,0,0,0,0,0,0,0,0,0,0,0,0,0,0,0,0,0,0,0,0,0,0,0,0,0,0,0,0,0,0,0,0,0,0,0,0,0
0.73976785,0.79771125,0.6516268,0.5891054,0.61739236,0.57290876,0.55456585,0.6799111,0.59371614,0.7022374,0.52693564,0.68986404,0.5465237,0.57927614,0.5728288,0.6368337,0.34938347,0.53845626,0.57367545,0.55262715,0.5771271,0.5272801,0.6578627
0.7968309,0.83569205,0.7622768,0.74824893,0.6902845,0.7733975,0.52038836,0.61715883,0.5392302,0.65033734,0.52,0.7184604
0,0,0,0,0,0,0,0,0,0,0,0,0,0
0,0,0,0,0,0,0,0,0,0,0,0,0,0,0,0,0,0,0,0,0,0,0,0,0,0,0,0,0,0,0,0,0,0,0,0,0
0.794337,0.8266185,0.7576452,0.7193637,0.56998146,0.7933821,0.58538073,0.59969723,0.5202226,0.7391463,0.49543127,0.79249877,0.63920385,0.46452627,0.5659398,0.6363599
0,0,0,0,0,0,0,0,0,0,0,0,0,0,0,0
0.856989,0.81024194,0.8361266,0.659854,0.6344464,0.6450151,0.63265306,0.6661654,0.592233,0.7468567,0.5,0.76539856,0.683871
0,0,0,0,0,0,0,0,0,0,0,0,0,0,0,0,0,0,0,0,0,0,0,0,0,0,0,0,0,0,0,0,0,0,0,0,0,0,0,0,0,0,0
1.0,1.0,0,0,0,0,0,0,0,1.0,0,0,0,0,0,0,0,0,0,0
0,0,0,0,0,0,0,0,0,0,0,0,0,0,0,0,0
0,0,0,0,0,0,0,0,0,0
0,1.0,0,0,0,0,0,0,0
0.21660379,0.1655794,0.19280417,0.25172046,0.31327048,0.20335239,0.545743,0.2569947,0.4543182,0.17073685,0.58930606,0.2085981,0.28424677,0.47338262,0.39906523,0.23773858,0.56436574,0.36738575,0.44980136,0.4657536,0.2595478,0.3910282,0.29727396,0.22233349,0.53505397,0.28776407,0.29860833,0.46135226,0.49096072,0.128718,0.2409595,0.56997955,0.43254125,0.5899209,0.46678457,0.22835772,0.27686843,0.31433207
0,0,0,0,0,0,0,0,0,0,0,0,0,0,0,0,0,0,0,0,0,0,0,0,0,0,0,0,0,0,0,0,0,0,0,0,0,0,0,0,0,0,0,0,0,0,0,0,0
0,0,0,0,0,0,0,0,0,0,0,0,0,0,0,0,0,0,0,0,0,0,0,0,0,0,0,0,0,0,0,0,0,0,0,0,0,0,0,0,0,0,0,0,0,0,0,0,0,0,0,0
0,0,0,0,0,0,0,0,0,0,0,0,0,0,0,0,0,0,0,0,0,0,0,0,0,0,0,0,0,0,0,0,0,0,0,0,0,0,0,0,0,0
0,0,0,0,0,0,0,0,0,0,0,0,0,0
0.70772165,0.70869356,0.7186547,0.56641585,0.5050238,0.6709178,0.48264307,0.6469344,0.53161764,0.6129891,0.6044139,0.64448684,0.5294361,0.49927378,0.46230948,0.6406622,0.4816796,0.62304044,0.57370955
0,0,0,0,0,0,0,0,0,0,0,0,0,0,0,0,0,0,0,0,0,0,0,0
0,0,0,0,0,0,0,0,0,0,0,0,0,0,0,0,0,0,0,0,0,0,0,0,0,0,0,0,0,0,0,0,0,0,0,0,0,0,0,0,0,0,0,0,0,0,0,0,0,0,0,0,0,0,0,0,0,0,0
0,0,0,0,0,0,0,0,0,0,0,0,0,0,0,0,0,0,0,0,0,0,0,0,0,0,0,0,0,0,0,0,0,0,0,0,0,0,0,0,0
0,0,0,0,0,0,0,0,0,0,0
0,0,0,0,0,0,0,0,0,0,0,0,0,0,0,0
0,0,0,0,0,0,0,0,0,0,0,0,0,0,0,0,0,0,0,0,0,0,0,0,0,0,0,0,0,0,0,0
0,0,0,0,0,0,0,0,0,0,0,0,0,0,0,0,0,0,0,0,0,0,0,0,0,0,0,0,0,0,0,0,0,0,0,0,0,0,0,0,0
0.7876106,0.7654321,0.7850877,0.66972476,0.7222222,0.6666667,0.33333334,0.625,0.56,0.82758623,0.5,0.71014494,0.6363636,0.53125,0.59322035,0.6701031,0.44444445
0.8148148,0.83495146,0.71428573,0.64,0.6666667,0.71428573,0.5,0.7037037,0.5555556,0.86238533,0.0
0.99970657,0.9997232,0.9994681,0.9997852,0.9998106,0.9998251,0.7468527,0.9956936,0.7674784,0.99978876,0.8109226,0.9984473,0.99193996,0.9714378,0.9920037,0.9921138,0.97431576,0.77239937,0.6662338,0.92047745,0.9851181,0.9942044,0.99458677,0.99982935,0.723806,0.9994413,0.99905616,0.9628312,0.7295435,0.9996845,0.9997771,0.8754864,0.810122,0.7442623,0.9945882,0.9997659,0.99966675,0.99967664,0.57912457,0.97143716,0.99963987,0.8417906,0.8751895,0.6274165,0.7157932,0.6775093,0.8198371,0.986505,0.70652175,0.70343137,0.97421837,0.9008652,0.71577847,0.44871795,0.80629885,0.80723655,0.7807757,0.81033844
0.85531914,0.8732171,0.8138298,0.63095236,0.70253164,0.6987952,0.45454547,0.65,0.5769231,0.76666665,0.33333334,0.66292137,0.6830986,0.53333336,0.57954544,0.67955804,0.41666666
0,0,0,0,0,0,0,0,0,0,0,0,0,0,0,0,0,0,0,0,0,0,0,0,0,0,0,0,0,0,0,0,0,0,0,0,0,0,0,0,0,0,0,0,0,0
0,0,0,0,0,0,0,0,0,0,0,0,0,0,0,0,0,0
0.8073606,0.81570464,0.8061988,0.7318999,0.6566197,0.7128592,0.5537583,0.67139393,0.5751116,0.8602759,0.6038835,0.8066681,0.6072207,0.5062944,0.6761515,0.60730624,0.571594,0.5369787
0.71514237,0.72836405,0.8127586,0.7598603,0.72310287,0.7252766,0.6966673,0.6749137,0.5401927,0.8532942,0.5394737,0.76300776,0.58348894,0.49438903,0.63367933
0,0,0,0,0,0,0,0,0,0,0,0,0,0,0,0,0,0,0,0,0,0,0,0,0,0,0,0,0,0,0,0,0,0,0,0,0,0,0,0,0,0,0,0,0,0,0,0,0,0,0,0,0
0,0,0,0,0,0,0,0,0,0,0,0,0,0,0,0,0,0,0,0,0,0,0,0,0,0,0,0,0,0,0,0,0,0,0,0,0,0,0,0,0,0,0
0,0,0,0,0,0,0,0,0,0,0
0.60383785,0.565565,0.62020713,0.4744699,0.49197656,0.50975114,0.51666856,0.583867,0.41457805,0.58570576,0.39322332,0.61523277,0.5786327,0.458541,0.4051438,0.4295014,0.42199376,0.522622,0.48603204,0.42450175,0.5843271,0.50297266,0.6797897,0.6056062,0.32675666,0.64053166,0.53799
0,0,0,0,0,0,0,0,0,0,0,0,0,0,0,0,0,0,0,0,0,0,0,0,0,0,0,0,0,0,0,0,0,0,0,0,0,0,0,0,0,0,0,0
0.79920316,0.86849856,0.73626477,0.6823448,0.6716226,0.6027528,0.60356104,0.51605415
0,0,0,0,0,0,0,0,0,0,0,0,0,0,0,0,0,0,0,0,0,0,0,0,0,0,0,0,0,0,0,0,0,0,0,0
0,0,0,0,0,0,0
0,0,0,0,0,0,0,0,0,0,0,0,0,0,0
0,0,0,0,0,0,0,0,0,0,0,0,0,0,0,0,0,0,0,0,0,0,0,0,0,0,0,0,0,0,0,0,0,0,0,0,0,0,0,0,0,0,0,0,0,0,0,0
0,0,0,0,0,0,0,0,0,0,0,0,0,0,0,0,0,0
0,0,0,0,0,0,0,0,0,0,0,0,0,0,0,0,0,0,0,0,0,0,0,0,0,0,0,0,0,0,0,0,0,0,0,0,0,0,0
0.7617629,0.78184986,0.8559712,0.7150418,0.62461036,0.80728036,0.38959476,0.619165,0.6258012,0.8566206,0.47743022,0.7265324,0.6032946,0.6083859
0,0,0,0,0,0,0,0,0,0,0,0
0,0,0,0,0,0,0,0,0,0,0,0,0,0,0,0,0,0,0,0,0,0,0,0,0,0,0,0,0,0,0
0,0,0,0,0,0,0,0,0,0,0,0,0,0,0,0,0,0,0,0,0,0,0,0,0,0,0,0,0,0,0,0,0,0,0,0,0,0,0,0,0,0,0,0
0.80153096,0.86912346,0.71764827,0.6764583,0.5299313,0.63591903,0.4613233,0.6414728,0.663793,0.82905287,0.5447181,0.65602005,0.6513937,0.5693536,0.587826,0.6505638,0.5584639
0,0,0,0,0,0,0,0,0,0,0,0,0,0,0,0
0.72613066,0.8526125,0.72131145,0.6052632,0.68988764,0.7116041,0.4827586,0.6,0.5724138,0.8222591,0.5714286,0.74885845,0.6447368
0,0,0,0,0,0,0
0,0,0,0,0,0,0,0,0,0,0,0,0,0,0,0,0,0,0,0,0,0,0,0,0,0,0,0,0,0,0,0,0,0,0,0,0,0,0,0
0,0,0,0,0,0,0,0,0,0,0,0,0,0,0,0,0,0,0,0,0,0,0,0,0,0,0,0,0,0,0,0,0,0,0,0,0,0,0,0,0,0,0,0,0,0,0,0
0,0,0,0,0,0,0,0,0,0,0,0,0,0,0,0,0,0,0,0,0,0,0,0,0,0,0,0
0.77729654,0.7785615,0.74796444,0.78744817,0.7984057,0.76158226,0.69930756,0.7206568,0.6465529,0.7649989
0,0,0,0,0,0,0,0,0,0,0,0
0.9770799,0.9824814,0.9820775,0.98341334,0.9834589,0.98399436,0.79508823,0.98253155,0.9362136,0.98209864,0.8939038,0.98398477,0.9830641,0.97071147,0.98183334
0,0,0,0,0,0,0,0,0,0,0,0,0,0,0,0,0
0.6456401,0.62643176,0.5615703,0.6285139,0.6805278,0.7026889,0.58619016,0.6697227,0.54254735,0.6641904,0.45103562,0.5950652,0.54569846,0.5953606
0,0,0,0,0,0,0,0,0,0,0,0,0,0,0,0,0,0
0,0,0,0,0,0,0,0,0,0,0,0,0,0,0,0,0,0,0,0,0,0,0,0,0,0,0,0,0,0,0,0,0,0,0
1.0,1.0,1.0,0,0,1.0,0,0,0,1.0,0,1.0,0,0,0,0,0,0,0,0,0,0,0,1.0,0,1.0,1.0,0,0,1.0,1.0,0,0,0,0,1.0,1.0,0,0,0,1.0,0,0,0,0,0,0,0
0,0,0,0,0,0,0,0,0,0,0,0
0,0,0,0,0,0,0,0,0
0,0,0,0,0,0,0,0,0,0,0,0,0,0,0,0,0,0,0,0,0,0,0,0,0
0,0,0,0,0,0,0,0,0,0,0,0,0,0,0,0,0,0,0,0,0,0,0,0,0,0,0,0,0,0,0,0,0,0,0,0
0.85440314,0.787176,0.78944683,0.69855964,0.60141844,0.6547486,0.43396226,0.6794606,0.66775244,0.7957019,0.5,0.76135427,0.7115118,0.6,0.6750524,0.6008584,0.42857143,0.54658383,0.5934959,0.553719,0.5987395,0.6386768,0.6918239,0.6738149,0.6666667,0.5385779,0.6564195,0.58566976,0.6497462,0.85756594,0.6146893,0.5,0.5394737,0.625,0.5601023,0.86329246,0.68755597,0.6853801,0.4848485
0,0,0,0,0,0,0,0,0,0,0,0,0,0,0,0
0.9999958,0.9999969,0.99999684,0.9999927,0.99999493,0.99999535,0.8208955,0.9999907
0,0,0,0,0,0,0,0,0,0,0,0,0,0,0,0
1.0,1.0,1.0,0,1.0,1.0,0,0,0,1.0,0,1.0,0,0,0,0
0.67115194,0.7747294,0.60731333,0.5970797,0.60535365,0.5736151,0.5793586,0.6305718,0.5498165,0.83810025,0.5459322,0.7421311,0.61485314,0.59953135,0.5853006,0.7294232,0.58281827,0.6507506,0.5760828,0.6405171,0.7267495
0.7831914,0.69873613,0.660129,0.70466584,0.59659684,0.6298292,0.6152593,0.6269869,0.5185145,0.87833184,0.55325234,0.69425446,0.6894751,0.6873855
0,0,0,0,0,0,0,0,0,0,0,0,0,0,0,0,0,0,0,0,0,0,0,0,0,0,0
0,0,0,0,0,0,0,0,0,0,0,0
1.0,1.0,1.0,1.0,1.0,1.0,0,1.0,1.0,1.0
0.73804545,0.8471395,0.83483094,0.65801007,0.6314958,0.75496364,0.6034546,0.63094896,0.4871865,0.82829094,0.512987,0.58339643,0.60928136,0.5330551,0.6300762,0.55011404,0.46655986,0.50334597,0.68810534
0,0,0,0,0,0,0,0,0,0,0,0,0,0,0,0,0,0
0,0,0,0,0,0,0,0,0,0,0,0,0
1.0,1.0,1.0,0,0,1.0,0,0,0,1.0,0
0,0,0,0,0,0,0,0,0,0,0,0,0,0,0,0,0,0
1.0,0,1.0,0,0,0
0,0,0,0,0,0,0,0,0,0,0,0,0,0,0
0,0,0,0,0,0,0,0,0,0,0,0,0,0,0,0,0,0,0
0,0,0,0,0,0,0,0,0,0,0,0,0
0.6666667,0.75,0.5,0.0,0.0,0.5,0,0.0,0,0.6666667,0
0,0,0,0,0,0,0,0,0,0,0,0,0,0,0,0
0,0,0,0,0,0,0,0,0,0,0,0,0,0,0,0,0,0,0,0
0,0,0,0,0
0.82978725,0.6666667,0.8101266,0.61290324,0.78723407,0.71428573,0.5
0,0,0,0,0,0,0,0,0,0,0,0,0,0,0,0,0,0,0,0,0,0,0,0,0
1.0,1.0,1.0,1.0,0,0,0,0,0,1.0,0,0,0,0,0,0
0,0,0,0,0,0,0,0,0,0,0,0,0,0,0,0
0,0,0,0,0,0,0,0,0,0,0,0,0,0,0,0,0,0,0,0,0,0,0,0,0,0,0,0,0,0,0,0,0,0,0,0,0,0,0,0,0,0,0,0,0,0,0,0,0,0,0,0,0,0,0,0,0,0,0,0,0,0,0,0,0,0,0,0,0,0,0,0,0,0,0,0
1.0,1.0,1.0,0,0,0,0,0,0,1.0,0,0,1.0,0,0,0,0,0,0,0,0,0,0,0,0,0,0,0,0,1.0,1.0,0,0,0,0,0,1.0,0,0,0,1.0,0,0,0,0,0,0,0,0,0,0,0
0,0,0,0,0,0,0,0,0,0,0,0,0,0,0,0,0
0.8066595,0.7104339,0.8150393,0.6897871,0.63195175,0.7527973,0.4583173,0.68409914,0.5312224,0.6259391
0,0,0,0,0,0,0
0,0,0,0,0,0,0,0,0,0,0
0,0,0,0,0,0,0,0,0,0,0,0,0,0,0,0,0,0,0
0.71052074,0.81482,0.75,0.6386459,0.570276,0.730003,0.5764706,0.66835093,0.5989446,0.73241854,0.5,0.7476614,0.5531661,0.56498677,0.6372549,0.6979843,0.5824176,0.50574714,0.5561497,0.58992803,0.6700694,0.53561646,0.7993894,0.55813056,0.5,0.5921951,0.5711111,0.5652985,0.5871212,0.8497194,0.63269717,0.4962963,0.5185185,0.5555556,0.5831933,0.70073175,0.7475007,0.6173121,0.5121951,0.6329114,0.69343066,0.5555556,0.51891893,0.50183153,0.4883721,0.6585366,0.6,0.6133751,0.5697674,0.59615386,0.6501035,0.55910546
0.5618264,0.5556486,0.5457785,0.6282096,0.5987606,0.5347547,0.4674479,0.6159333,0.4464913,0.5988504,0.47399828,0.59468335,0.56945467,0.5131601,0.562003,0.50304824,0.428441,0.486673,0.5165474,0.48892653,0.58778775,0.54429156,0.5184553,0.5238648,0.5774115,0.5605553,0.5053233,0.5388631
0,0,0,0,0,0,0,0,0,0,0,0,0,0,0,0,0,0
0,0,0,0,0,0,0,0
1.0,1.0,1.0,0,0,0,0,0,0,1.0,0,0,0,0,0,0,0,0,0,0,0,0,0,0
0,0,0,0,0,0,0,0,0,0,0,0,0,0,0,0,0,0,0,0,0
0,0,0,0,0,0,0,0,0,0,0,0
0,0,0,0,0,0,0,0,0,0,0,0,0,0,0,0,0,0,0,0,0
0,0,0,0,0,0
0,0,0,0,0,0,0,0
0,0,0,0,0,0,0,0,0,0,0,0,0,0,0
0,0,0,0,0,0,0,0,0,0,0,0
0,0,0,0,0,0,0
0,0,0,0,0,0,0,0,0,0,0,0,0,0,0,0,0,0,0,0,0
0,0,0,0,0,0,0,0,0,0,0,0,0,0,0,0,0,0
0.7285387,0.84121263,0.8368812,0.672491,0.6382143,0.6898026,0.523997,0.6119068,0.6040497,0.87137645,0.48986602,0.60341346,0.52504855,0.5586558,0.6125174,0.69504416,0.53287154,0.532155,0.6002887,0.5336431,0.58018553,0.57050467
0.7416667,0.8436406,0.827957,0.57438016,0.6638298,0.767033,0.44444445,0.6230366,0.6233766,0.7945026
0,0,0,0,0,0,0,0,0,0,0,0
0,0,0,0,0,0,0,0,0,0,0,0,0,0,0,0
0,0,0,0,0,0,0,0,0,0,0,0,0,0,0,0,0,0
0,0,0,0,0,0,0,0,0,0,0,0,0,0,0,0,0,0,0
0.5949775,0.6778132,0.68027294,0.5835363,0.6328072,0.55917656,0.59916353,0.6009842,0.50950956,0.6929645,0.5785842
0,0,0,0,0,0,0,0,0,0,0,0
0.789925,0.75787956,0.75298476,0.6281953,0.7078538,0.7014719,0.4572374,0.6131048,0.50230664,0.7413668,0.40778893,0.8076596
0,0,0,0,0,0,0,0,0,0,0,0,0
0.62938726,0.70953566,0.71226597,0.58198714,0.7386716,0.5975532,0.4300113
0,0,0,0,0,0,0,0,0,0
0,0,0,0,0,0,0,0,0,0,0,0
0,0,0,0,0,0,0,0,0,0,0,0,0,0,0,0,0,0,0,0,0,0,0,0,0,0,0,0,0,0,0,0,0,0,0
0,0,0,0,0,0,0,0,0,0,0,0,0,0,0,0,0
0,0,0,0,0,0,0,0,0,0,0,0,0,0,0,0
0,0,0,0,0,0,0,0,0,0,0,0,0,0
0,0,0,0,0,0,0,0,0,0,0,0,0,0,0
0,0,0,0,0,0,0,0,0,0,0,0,0,0,0,0,0
0.66539025,0.7803738,0.82718784,0.6744186,0.72663784,0.77459747,0.47887325,0.733191,0.5,0.8840663,0.5,0.65571386,0.64123297,0.57878786,0.6066351,0.6852193,0.5176471,0.5823096,0.5505319
0,0,0,0,0,0,0,0,0,0,0,0,0,0,0,0,0,0,0,0,0,0,0,0,0,0,0,0,0,0,0,0,0,0,0,0,0,0,0,0,0,0,0,0,0,0,0,0,0,0,0,0,0
0,0,0,0,0,0,0,0
0.8167518,0.8190222,0.8239424,0.7936137,0.7011242,0.7743569,0.4829894,0.6266094,0.480602,0.8274609,0.46683446,0.7508826,0.62157524
0,0,0,0,0,0,0,0,0,0,0,0,0,0,0,0,0,0,0,0,0,0,0,0,0,0,0,0,0,0,0,0,0,0
0,0,0,0,0,0,0,0,0,0,0,0,0,0,0
0,0,0,0,0,0,0,0,0,0,0,0,0,0,0,0,0,0,0
0,0,0,0,0,0
0,0,0,0,0,0,0,0,0,0,0,0,0,0,0,0,0,0,0,0,0,0,0,0,0,0,0,0,0,0,0,0,0,0,0,0,0,0
0,0,0,0,0,0,0,0,0,0,0,0,0,0,0,0,0,0,0,0,0,0,0,0,0,0,0,0,0,0,0,0,0,0,0,0,0,0
0,0,0,0,0,0,0,0,0,0,0,0
0,0,0,0,0,0,0,0,0,0,0,0,0,0,0,0,0,0,0,0,0,0,0,0,0,0,0,0,0,0,0,0,0,0,0,0,0,0,0,0,0
0,0,0,0,0,0,0,0,0,0,0,0,0,0,0,0,0,0,0,0,0,0,0,0,0,0,0
0,0,0,0,0,0,0,0,0,0,0,0
0,0,0,0,0,0,0,0,0,0,0,0,0,0,0,0,0,0,0,0,0,0,0,0
0,0,0,0,0,0,0,0,0,0,0,0,0
0.6499219,0.7075062,0.6160687,0.62472767,0.61343956,0.72151667,0.46661726,0.6419563,0.524985,0.55375385,0.45215204,0.6752307,0.65527993,0.5772808,0.6493852,0.66998976,0.5008331,0.6099134,0.46543995,0.42984557,0.55746233,0.5123026,0.6656246,0.6651735,0.4459866,0.6100061,0.5608148,0.46237224,0.48267946,0.64089274,0.62340146,0.45937324,0.49924594,0.52436125,0.5592147,0.6611176,0.63666195,0.6387638,0.5298992,0.5152524,0.6332341,0.46262044,0.5149318,0.553038,0.62058574
0,0,0,0,0,0,0,0,0,0,0,0,0,0,0,0,0,0,0,0,0,0,0,0,0,0,0,0,0,0,0,0,0,0,0
0.7453776,0.72988546,0.855896,0.62871444,0.6676552,0.697271,0.49710312,0.6774856,0.50406325,0.7764219,0.5169492,0.7292427,0.6723233,0.5514793,0.52279884
0.82749796,0.78314286,0.8286621,0.5142643,0.58451664,0.7167983,0.5039204,0.56633216,0.5912758,0.7846327,0.5825389,0.773664,0.6818296,0.4891919,0.56790996,0.54055566,0.54068613,0.60758114
0,0,0,0,0,0,0,0,0,0,0,0,0,0,0,0,0,0,0,0,0,0,0,0,0,0,0,0,0,1.0,0
0,0,0,0,0,0,0,0,0,0,0,0,0,0,0,0,0,0,0,0,0,0,0,0,0,0,0,0,0,0,0,0,0,0,0,0,0,0,0,0,0,0,0,0,0,0,0,0,0,0,0
0.76627237,0.72481287,0.811192,0.6240046,0.6682646,0.5921309,0.45117417,0.55178255,0.45659292,0.8334275,0.49676508,0.69869274,0.639823,0.6034986,0.646472,0.72070056,0.6058265,0.585039,0.59278184,0.513886,0.4945635,0.6471462,0.6669025,0.7133025,0.56794655,0.7216273,0.66802686,0.55655104,0.4661989,0.8515108
0,0,0,0,0,0,0,0,0,0,0,0,0,0,0,0,0,0,0,0,0,0,0,0,0,0,0,0,0,0,0,0,0,0
0,0,0,0,0,0,0,0,0,0,0,0,0,0,0,0
0,0,0,0,0,0,0,0,0,0,0,0,0,0,0,0,0,0,0,0,0,0
0,0,0,0,0,0,0,0,0,0,0,0,0,0,0,0,0,0,0,0,0,0,0,0,0,0,0,0,0,0,0,0,0,0,0,0,0,0,0,0,0
0.8378378,0.7980769,0.8181818,0.7037037,0.57575756,0.74647886,0.6666667,0.6333333,0.6666667,0.8394161,1.0,0.7297297,0.6451613,0.54545456,0.45,0.75510204,0.6666667,0.5714286,0.53846157,0.71428573,0.62857145,0.6666667,0.66,0.6666667,0,0.7826087,0.5555556,0.5625,0.6315789,0.93333334,0.7733333,0.5
0,0,0,0,0,0,0,0,0,0,0,0,0,0,0,0,0,0,0,0,0,0,0,0,0,0,0,0,0,0,0,0,0,0,0,0,0,0,0,0,0,0,0,0,0,0,0,0,0,0,0,0,0,0
0,0,0,0,0,0,0,0,0,0,0,0,0,0,0,0,0,0,0,0,0,0,0,0
0.6904137,0.65746474,0.6918204,0.6439379,0.50395995,0.6383223,0.455746,0.48513585,0.54568595,0.67203885,0.4195063,0.72227436,0.6168347,0.52398443,0.4959174,0.5427533,0.46883145,0.52354616,0.4514316,0.5931185,0.59139967,0.640123,0.655238,0.571314,0.5454703,0.6641181,0.49676162,0.5229932,0.49645638,0.65162253,0.5426167,0.581656,0.46176487,0.44872028,0.5583189,0.6009937,0.58299094,0.513542,0.46465755,0.6573173,0.6180758,0.49635732,0.5060589,0.500097,0.4441047,0.45609266,0.6410817,0.51415867,0.48139971,0.6494813
0.7301249,0.8040105,0.75232035,0.7521076,0.5876047,0.6374598,0.48637483,0.59699726,0.60568565,0.82164013,0.540036,0.66125596,0.63644975
0,0,0,0,0,0,0,0,0,0,0,0,0,0,0,0,0,0,0,0,0,0,0,0,0,0,0,0,0,0,0,0,0,0,0,0
0.8513097,0.81122667,0.7808732,0.6579584,0.6455364,0.6717908,0.5101814,0.5529974,0.61730605,0.82459974,0.5084273,0.7787421,0.6728492
0,0,0,0,0,0,0,0,0,0,0,0,0,0,0,0,0,0,0,0,0,0,0
0,0,0,0,0,0,0,0,0,0,0,0,0
0,0,0,0,0,0,0,0,0,0,0,0,0,0,0,0,0,0,0,0,0,0,0,0,0
0.85714287,0.6956522,0.76,0.61538464,0.75,0.6875,1.0,0.7,0.75,0.8,0,0.7826087,0.6666667,0.75,0.5714286,0.6923077,1.0,0.6,0.6666667,0.5,0.5555556,0.5714286,0.71428573,0.7894737,0,0.78571427,0.6666667,0.6,0.6666667,0.9247312,0.7619048,1.0,0.5,0,0.6666667,0.75,0.71428573,0.6363636
0,0,0,0,0,0,0,0,0,0,0,0,0,0,0,0,0,0,0,0,0
0,0,0,0,0,0,0,0,0,0,0,0,0,0,0,0,0,0,0,0,0,0,0,0,0,0,0,0,0,0,0,0,0,0,0,0,0,0,0,0,0,0
0.7304168,0.7509449,0.6590852,0.60800725,0.5245888,0.6791071,0.56646276,0.70546585,0.59905845,0.7162444,0.49205586,0.69892764,0.53927696,0.5573644,0.5796382
0,0,0,0,0,0,0,0,0
0,0,0,0,0,0,0,0,0,0,0,0,0,0
0,0,0,0,0,0,0,0,0,0,0,0,0,0,0,0,0,0,0,0,0,0,0,0,0,0,0,0
0,0,0,0,0,0,0,0,0,0,0,0,0,0,0,0,0,0,0,0,0,0,0,0,0,0,0,0,0,0,0,0,0,0,0,0,0,0,0,0,0,0,0,0
0,0,0,0,0,0,0,0,0,0,0,0,0,0,0,0,0,0,0,0,0,0,0,0,0,0,0,0,0,0,0,0,0,0,0,0,0,0,0
0.7980838,0.70824,0.84446657,0.7001496,0.59191114,0.6721452,0.5274438,0.6512265,0.54744613,0.7778221,0.49532712,0.6372184,0.5270515
0,0,0,0,0,0,0,0,0,0,0,0,0,0,0
0,0,0,0,0,0,0,0,0,0,0
0,0,0,0,0,0
0,0,0,0,0,0,0,0,0,0,0,0,0,0,0,0,0,0,0
0,0,0,0,0,0,0,0,0,0,0,0,0,0,0,0,0,0,0,0,0,0,0,0,0,0,0,0,0,0,0,0,0,0,0,0,0,0,0,0,0,0,0
1.0,1.0,1.0,0,0,0,0,0,0,1.0,0,1.0,0,0
0.73409677,0.681278,0.7529692,0.58581555,0.6318812
1.0,1.0,1.0,1.0,1.0,1.0,1.0,1.0,1.0,1.0,1.0,1.0,1.0,1.0,1.0,1.0,1.0,1.0,1.0,1.0,1.0,1.0,1.0,1.0,0,1.0,1.0,1.0,1.0,1.0,1.0,1.0,1.0,1.0,1.0
0,0,1.0,0,0,0
0,0,0,0,0,0,0,0,0,0,0,0,0,0,0,0,0,0,0,0,0,0,0,0,0,0,0,0,0,0,0,0,0,0,0,0,0,0,0,0,0,0,0,0,0,0,0,0,0,0,0,0,0,0,0,0,0
0,0,0,0,0,0,0,0,0,0
0,0,0,0,0,0,0,0,0,0,0,0,0,0,0,0,0,0,0,0,0,0,0,0,0
0,0,0,0,0,0
0,0,0,0,0,0,0,0
0,0,0,0,0,0,0,0
1.0,1.0,1.0,0,0,1.0,0,0,0,1.0,0,0,0,0,0,1.0,0,0,0,0,0,0,0,1.0,0,1.0,1.0,0,0,1.0,1.0,0,0,0,0,1.0,1.0,0,0
0,0,0,0,0,0,0,0,0,0,0,0,0,0,0,0,0,0,0
1.0,1.0,1.0,1.0,1.0,1.0,0,1.0,0,1.0,0,1.0,1.0,0,1.0,1.0,0,0,0,0,1.0,0,0
0.4101589,0.41731155,0.39429447,0.41387847,0.42214486,0.31205368,0.40537933,0.45418906,0.39714167,0.4277541,0.09213364,0.44108015,0.5230152,0.49023348,0.26505372,0.4979211,0.6485445
0.76169056,0.8506149,0.69953716,0.62146014,0.67029953,0.703545,0.55867934,0.6354719,0.4489825,0.7692204,0.5194422,0.6893082,0.6500907,0.5290233,0.6182508,0.5592309,0.4144028,0.48220462,0.5730018,0.4628424,0.63437164,0.5759068,0.6265914,0.74844944,0.5083799,0.6537726,0.5506903,0.4993858,0.5366467,0.8340523,0.698446,0.452608,0.6318369,0.4519098,0.5337152,0.83186245,0.70811135,0.7274249,0.44177753,0.5884938,0.6382375,0.4474457,0.4909689,0.4424646,0.53574425,0.4483684,0.5188707,0.67091966,0.50651145,0.5269934,0.5862895,0.45401672,0.5163273,0.42846644
0,0,0,0,0,0,0,0,0,0,0,0,0,0,0,0,0,0,0,0,0,0,0,0,0,0,0,0,0,0,0,0,0,0
0.50735986,0.5156266,0.49416724,0.51457787,0.63192534,0.55913115,0.54510164,0.530867,0.6780142,0.49410978,0.5274727,0.53019863,0.5592107,0.6399782,0.49181324,0.5198905,0.5733917,0.3869274,0.38082328,0.4832221,0.6001255,0.63494533
0,0,0,0,0,0,0,0,0,0,0,0,0,0,0,0,0,0,0,0,0,0,0,0,0,0,0,0,0,0,0,0,0,0,0,0,0
0,0,0,0,0,0,0,0,0,0,0,0,0,0,0,0,0,0,0,0,0,0,0,0,0,0,0,0,0
0,0,0,0,0,0,0,0,0,0,0,0,0,0,0,0,0,0,0,0,0,0,0,0,0,0,0,0,0,1.0,0,0,0,0,0,0,0,0,0,0,0,0
0,0,0,0,0,0,0,0,0,0,0,0,0,0,0,0,0,0,0,0
0,0,0,0,0,0,0,0,0,0,0,0,0,0,0,0,0,0,0,0,0,0,0,0,0,0,0,0,0,1.0,0,0,0,0,0,0,0,0,0,0,0,0,0,0,0
0,0,0,0,0,0,0,0,0,0,0,0,0,0,0,0,0,0,0,0,0,0,0,0,0,0,0,0,0,0,0,0,0,0,0,0,0
0,0,0,0,0,0,0,0,0,0,0,0,0,0,0,0,0,0,0,0,0,0,0,0,0,0,0,0,0,0,0,0,0,0,0,0,0,0,0,0,0,0,0,0,0,0,0,0,0,0,0,0,0,0
0,0,0,0,0,0,0,0,0,0,0,0,0,0,0,0,0,0,0,0,0,0
0,0,0,0,0,0,0,0,0,0,0,0,0,0,0,0,0
0,0,0,0,0,0,0,0,0,0,0,0,0,0,0,0,0,0,0,0,0,0,0,0,0,0,0,0,0,1.0,0,0,0,0,0,0,0,0,0,0,0,0,0,0,0,0,0
0.79682857,0.7939836,0.844098,0.5744125,0.5922619,0.6454034,0.44,0.60465115,0.5732484,0.7757758,0.4,0.70553064,0.62941176,0.5083333,0.52918285,0.6575682,0.3529412,0.5029586,0.60465115,0.44,0.60946745,0.64344263,0.73927957,0.73426574,0.0,0.59210527,0.6666667,0.65876776,0.5521472,0.8825449,0.7747164,0.5272727,0.38202247,0.33333334,0.5714286,0.80401415,0.6696035,0.7476099,0.5,0.4920635,0.6930502,0.33333334,0.6481481,0.6880734,0.5
0.69396096,0.7716323,0.73710996,0.6397135,0.70557773,0.69587934,0.62173456,0.6297561,0.5626513,0.8236709,0.5254711,0.6266826,0.71273345,0.5845135,0.5188287,0.59326524,0.5254058,0.55809,0.69719607,0.63818794,0.61963224,0.5807916,0.6439507,0.67779034,0.44307774,0.6983974,0.56217027,0.6657063,0.51689744,0.8827059,0.6967734,0.49572086,0.5402192,0.5791386,0.47504357,0.6555784,0.7233742,0.68458104,0.500568,0.6132783,0.6865191,0.5318545,0.5468654
0,0,0,0,0,0,0,0,0,0,0,0,0,0,0,0,0,0,0,0,0,0,0,0,0,0,0,0,0,0,0,0,0,0
0,0,0,0,0,0,0,0,0,0,0,0,0,0,0,0,0,0,0,0,0,0,0,0,0,0,0,0,0,0
0,0,0,0,0,0,0,0,0,0,0,0,0,0,0,0,0,0,0,0,0,0,0,0,0,0,0,0,0,0,0,0,0,0
0,0,0,0,0,0,0,0,0,0,0,0,0,0,0,0,0,0,0,0,0,0,0,0,0,0,0,0,0,0,0,0,0,0,0,0,0
0,0,0,0,0,0,0,0,0,0,0,0,0,0,0,0,0,0,0,0,0,0,0,0,0,0,0,0,0,0,0
0,0,0,0,0,0,0,0,0,0,0,0,0,0,0,0,0,0,0,0,0,0,0,0,0,0,0,0,0,0,0,0,0,0,0,0,0,0,0,0,0,0,0,0,0,0,0,0,0
0,0,0,0,0,0,0,0,0,0,0,0,0,0,0,0,0,0,0,0,0,0,0,0,0,0,0,0,0,0,0,0,0,0,0,0,0,0,0
0.9017595,0.8909091,0.7866242,0.684492,0.6666667,0.73790324,0.54545456,0.6031746,0.5769231,0.83227175,0.5,0.65497077,0.55813956,0.525,0.6363636,0.60431653,0.45454547,0.58441556,0.5813953,0.45454547,0.6111111,0.5405405,0.7291667,0.74111676,0,0.70053476,0.632,0.5,0.6229508,0.9029769,0.71945703,0.5714286,0.5483871,0.5,0.5409836,0.6267943,0.7047619,0.67407405,0.5,0.60784316,0.6564103,0.5,0.6,0.6216216
0.6987916,0.7581377,0.7614194,0.629249,0.6376707,0.5789755,0.36004916,0.6285275,0.53394413,0.74209577,0.4989473,0.6483722,0.57169145,0.6062934,0.55628127,0.64189255,0.46036506,0.50328445,0.5821637,0.5142514,0.5618986,0.7129672,0.66773844,0.6703669,0.4886425,0.52521753,0.6808584,0.54076517,0.4742074,0.7976462,0.68354726,0.6109923,0.53034633,0.5574255,0.52692187,0.6508537,0.6802691,0.636612,0.57971865,0.6058421,0.6655949,0.44085222,0.50203025,0.5249618,0.48344785,0.42766082,0.51653165,0.5791905,0.5927974,0.5175232,0.49925014,0.6507434,0.5147344,0.52349025,0.6203904
0,0,0,0,0,0,0,0,0,0,0,0,0,0,0,0,0,0,0,0,0,0,0,0,0,0,0,0,0,0,0,0,0,0,0,0,0,0,0,0
0,0,0,0,0,0,0,0,0,0,0,0,0,0,0,0,0,0,0,0,0,0,0,0,0,0,0,0,0,0,0,0,0,0,0,0,0,0,0,0,0,0,0
0,0,0,0,0,0,0,0,0,0,0,0,0,0,0,0,0,0,0,0,0,0,0,0,0
0,0,0,0,0,0,0,0,0
0.818926,0.8350453,0.80974615,0.6393825,0.7378103,0.73644817,0.6376994,0.61166745,0.52256733,0.8188529,0.46639785,0.8330761,0.7044323,0.58969706,0.49739048,0.6881775,0.52906406,0.47218433,0.61850154,0.608686,0.6107398,0.54679805,0.7299427,0.6772644,0.39240506,0.62813413,0.6679912,0.586868,0.6075598,0.9261707,0.7025643,0.50260997,0.5505594,0.51675975,0.5355792,0.6994432,0.7403282,0.56671757,0.5738162,0.64033157,0.6061603,0.46212122,0.59320045,0.65239936,0.59702504,0.5179283,0.6087719,0.7209667,0.5871266,0.5984615,0.4489759,0.5844324,0.414345,0.41618016,0.50252783,0.5760889,0.47271517,0.49851534,0.5133588,0.5078933,0.48850235,0.4796175
1.0,1.0,1.0,1.0,1.0,1.0,0,1.0,0,1.0,0,1.0
0,0,0,0,0,0,0,0,0,0,0,0,0,0,0,0,0,0,0,0,0
0,0,0,0,0,0,0,0,0,0,0,0,0,0,0,0,0,0,0,0,0,0,0,0,0,0,0,0,0,0,0,0,0,0,0,0,0,0,0,0,0,0,0,0
0,0,0,0,0,0,0,0,0,0,0,0,0,0,0,0,0,0,0,0,0,0,0,0,0,0,0,0,0,0,0,0,0,0,0,0,0,0,0,0
0.8333333,0.8888889,0.8,1.0,1.0,1.0,0,1.0,1.0,0.9166667,0,1.0,1.0
0,0,0,0,0,0,0,0,0,0,0,0,0,0,0,0,0,0,0,0,0,0,0,0,0,0,0,0,0,0,0,0,0,0,0,0,0,0,0,0,0,0,0
0,0,0,0,0,0,0,0,0,0,0,0,0,0,0,0,0,0,0,0,0,0,0,0,0,0,0,0,0,0,0,0,0,0,0,0,0,0,0,0,0,0,0,0
0,0,0,0,0,0,0,0,0,0,0,0,0,0,0,0,0,0,0,0,0,0,0,0,0,0,0,0,0,0,0,0,0,0,0,0,0,0,0,0,0,0,0,0,0,0,0,0,0,0,0
0,0,0,0,0,0,0,0,0,0,0,0,0,0,0,0,0,0,0,0,0,0,0,0,0,0,0,0,0,0,0,0,0,0,0,0,0,0,0,0,0,0,0,0,0
0,0,0,0,0,0,0,0,0,0,0,0,0,0,0,0,0,0,0,0,0,0,0,0,0,0,0,0,0,0,0,0,0,0,0,0,0,0,0,0,0,0,0,0,0,0,0,0,0,0,0,0,0,0,0,0,0,0,0,0,0,0,0,0,0,0
0.7611351,0.76767564,0.81181705,0.58915,0.6172229,0.681343,0.60946745,0.7658927,0.5630719,0.79011947,0.47761193,0.7757398,0.65501803,0.64037037,0.5587535,0.7515507,0.5255682,0.59594756,0.47509435,0.49913344,0.66923726,0.5426595,0.61021334,0.696828,0.47368422,0.6133391,0.74346465,0.65596193,0.53463143,0.9294492,0.64729196,0.5949595,0.5364004,0.46875,0.5376816,0.8035909,0.703678,0.6381345,0.55128205,0.5278004,0.6596063,0.46153846,0.50793654,0.48962882,0.60588235,0.53424656,0.42857143,0.5800325,0.4908425
0,0,0,0,0,0,0,0,0,0,0,0,0,0,0,0,0,0,0,0,0,0,0,0,0,0,0
0,0,0,0,0,0,0,0,0,0,0,0,0,0,0,0,0,0,0,0,0,0,0,0
0,0,0,0,0,0,0,0,0,0,0,0,0,0,0,0,0,0,0,0,0,0
0,0,0,0,0,0,0,0,0,0,0,0,0,0,0,0,0,0,0,0,0,0,0,0,0,0,0,0
0,0,0,0,0,0,0,0,0,0,0,0,0,0,0,0,0,0,0,0,0,0
0.69857657,0.7881222,0.7757809,0.73935986,0.57219607,0.64937395,0.4322164,0.65724593,0.5060023,0.81075764,0.5679302,0.7179182,0.5594088,0.46719766,0.57765216,0.6418807,0.50440294,0.5951243,0.5806329,0.4969248,0.6279543,0.64156413,0.62638855,0.6558714,0.4293915,0.69197136,0.568697,0.57220745,0.5921075,0.9036168,0.6971472,0.6561205,0.5271814,0.578629,0.55593395,0.8265613,0.5795518,0.5928743,0.42002928,0.53632855,0.81487846,0.46401227,0.5776126,0.6173167,0.50980395,0.5172106,0.59378314,0.54560846,0.5407891,0.39936367,0.5791037,0.5610615,0.42776763,0.5554578
0.8043243,0.79862547,0.77173287,0.69927293,0.6538915,0.735348,0.49771392,0.5725236,0.556854,0.8445063,0.5092025,0.62593627,0.65094465,0.5338116,0.70216364,0.666484,0.4767375,0.49822024,0.55208856,0.52565485,0.5121867,0.6666667,0.6619448,0.7793571,0.5263158,0.66284144,0.5850449,0.6097561,0.6446598,0.8338935,0.6987484
0,0,0,0,0,0,0,0,0,0,0,0,0,0,0,0,0,0,0,0,0,0,0,0,0,0,0,0,0,0,0,0,0,0,0,0,0,0,0,0,0
0,0,0,0,0,0,0,0,0,0,0,0
0.8294485,0.8597401,0.849643,0.73261905,0.59032845,0.6220071,0.5538873,0.70058954,0.6621866,0.85638094,0.4748322,0.6419263,0.710503,0.6015801,0.55207527,0.6438717,0.54036665,0.544711,0.4656444,0.541476,0.5872545,0.66154224,0.7494795,0.60897046,0.45289856,0.72254777,0.6276768,0.5054899,0.56815434,0.9078104,0.6963598,0.57654613,0.5169343,0.44554454,0.58755946,0.8005386,0.7664738,0.68512374,0.5418665,0.5212683,0.61996806,0.510274,0.4914672,0.6392249,0.51282054,0.62531567,0.5178218,0.67635995,0.46590638,0.55817765,0.58497876,0.6517457,0.47389823,0.47851753,0.4918589,0.5063343,0.5166763,0.4719707,0.63128036,0.51684517,0.59513175
0,0,0,0,0,0,0,0,0,0,0,0,0,0,0,0,0,0,0,0,0,0,0,0,0,0,0,0,0,0,0,0,0,0,0,0,0,0,0,0,0,0,0,0
0,0,0,0,0,0,0,0,0,0,0,0,0,0,0,0,0,0,0
0.31243205,0.29753754,0.30368245,0.38029918,0.42142975,0.32604766,0.58206266,0.37480444,0.545573,0.31495228,0.47423404,0.31585994,0.33793044
0.78030634,0.85072786,0.72957706,0.745851,0.6232786,0.84073395,0.49446064,0.5850065,0.609152,0.7786438,0.4934037,0.67990386,0.5559163,0.5571244,0.5550096
0,0,0,0,0,0,0,0,0,0,0,0,0,0,0,0,0,0,0,0,0,0,0,0,0,0,0,0,0,0,0,0,0,0,0,0
0.85888714,0.8164374,0.75100976,0.5687096,0.6346603,0.7527396,0.55265796,0.63759786,0.5545315,0.8107389,0.48548812,0.80106056,0.6675697,0.57958156,0.6611513,0.59916854,0.5094737,0.6137343,0.5846645,0.4401777,0.6854636,0.6053525,0.5945343,0.76342696,0.635514,0.6090584,0.6259728,0.6175342,0.45668843,0.86846447,0.76888883,0.5637239,0.5175152,0.38356164,0.54966223,0.6653767,0.7511332,0.5906338,0.572335,0.64812964,0.6554213,0.50256413,0.6078139,0.47630924,0.50537634,0.49655852,0.5634675,0.62927234,0.5185862
0,0,0,0,0,0,0,0,0,0,0,0,0,0
0,0,0,0,0,0,0,0,0,0,0,0,0,0,0,0,0,0,0,0,0,0,0,0,0,0,0,0,0,0,0,0,0,0,0,0,0,0,0,0,0,0,0,0
0.875,0.9230769,0.875,0.75,0.6666667,0.8333333,1.0,0.6666667,1.0,0.8888889,0,0.8,0.75,1.0,1.0,0.8,1.0,1.0,1.0,1.0,0.6666667,1.0,0.75,0.75,0,0.6666667,0.6666667,1.0,0.5,0.84615386,0.8,1.0,1.0,0,1.0,0.8,0.8,0.6666667
0,0,0,0,0,0,0,0,0,0,0,0,0,0,0,0,0,0,0,0,0,0,0,0,0,0
0,0,0,0,0,0,0,0,0,0,0,0,0,0,0,0,0,0,0,0
0.88339865,0.8478174,0.89631397,0.70656896,0.58630234,0.68873024,0.49341553,0.67886955,0.54933566,0.8012782,0.4848144,0.6881042,0.60644495,0.47007373,0.5120776,0.72358835,0.57496595,0.6590569,0.6033303,0.5263312,0.66618466,0.56830275,0.6616111,0.65128624,0.5437788,0.5261941,0.5508026
0,0,0,0,0,0,0,0,0,0,0,0,0,0,0,0,0,0,0,0,0,0,0,0,0,0
0,0,0,0,0,0,0,0,0,0,0
0.75776696,0.8292231,0.7685453,0.7442623,0.7278184,0.7811742,0.5109244,0.6891906,0.569103,0.8831202,0.55128205,0.74862546,0.60488325,0.6291461,0.6232995,0.6327578,0.54131734,0.52705884,0.6561798,0.62484074,0.7644622,0.425554
0,0,0,0,0,0,0,0,0,0,0,0,0,0,0,0,0,0,0,0,0,0,0,0,0,0,0,0,0,1.0,0,0,0,0,0,0,0,0,0,0,0,0,0,0
0,0,0,0,0,0,0,0,0,0,0,0,0,0,0,0,0,0,0,0,0,0,0,0,0,0,0,0,0,0,0,0,0,0,0,0,0,0,0,0,0,0,0,0,0,0,0,0,0,0,0,0,0,0,0,0,0,0,0,0,0,0
0,0,0,0,0,0,0,0,0,0,0,0,0,0,0,0,0,0,0,0,0,0,0,0,0,0,0,0,0,0,0,0,0,0,0,0,0,0,0,0,0,0,0,0,0,0,0,0,0,0,0,0,0
0,0,0,0,0,0,0,0,0,0,0,0,0,0,0,0,0,0,0,0
0,0,0,0,0,0,0,0,0,0,0,0,0,0,0,0,0,0,0
0,0,0,0,0,0,0,0,0,0,0,0,0,0,0,0,0,0,0,0
0,0,0,0,0,0,0,0,0,0,0,0,0,0,0,0,0,0,0,0
0,0,0,0,0,0,0,0,0,0,0,0,0,0,0,0,0,0,0,0,0,0,0,0,0,0,0,0,0,0,0,0,0,0
0,0,0,0,0,0,0,0,0,0,0,0,0,0,0,0,0,0,0,0,0,0,0,0,0,0,0,0
0,0,0,0,0,0,0,0,0,0,0,0,0,0,0
0,0,0,0,0,0,0,0,0,0,0,0,0,0,0,0,0,0,0,0,0,0,0,0,0,0,0,0,0,0,0,0
0,0,0,0,0,0,0,0,0,0,0,0
0,0,0,0,0,0,0,0,0,0,0,0,0,0,0,0,0,0,0,0,0,0,0,0,0,0,0,0,0,0,0,0,0,0,0,0,0,0,0,0,0
0,0,0,0,0,0,0,0,0,0,0,0,0,0,0,0
0,0,0,0,0,0,0,0,0,0,0,0,0,0,0,0,0,0,0,0,0,0,0,0,0,0,0,0,0,0,0
0,0,0,0,0,0,0,0,0,0,0,0,0
0,0,0,0,0,0,0,0,0,0,0,0,0,0,0
0,0,0,0,0,0,0,0,0,0,0,0,0,0,0,0,0,0,0,0,0,0,0,0,0,0,0,0,0,0,0,0,0,0,0,0,0,0,0,0,0,0,0,0,0,0,0,0,0,0,0,0
0,0,0,0,0,0,0,0,0,0,0,0,0,0,0,0,0,0,0,0,0,0,0,0,0,0,0,0,0,0,0,0,0,0,0,0,0,0,0,0,0,0,0
0,0,0,0,0,0,0,0,0,0,0,0,0,0,0,0,0,0,0,0,0,0,0,0,0,0,0,0,0,0,0,0,0,0,0,0,0,0
1.0,1.0,1.0,1.0,1.0,1.0,1.0,1.0,1.0,1.0,1.0,1.0,1.0,1.0,1.0,1.0,1.0,1.0,1.0,1.0,1.0,1.0,1.0,1.0,1.0,1.0,1.0,1.0,1.0,1.0,1.0,1.0,1.0,1.0,1.0,1.0,1.0,1.0,1.0,1.0,1.0,1.0,1.0,1.0,1.0,1.0,1.0
0,0,0,0,0,0,0,0,0,0,0,0,0,0,0,0,0,0,0,0,0,0,0,0,0,0
0,0,0,0,0,0,0,0,0,0,0,0,0,0,0,0,0,0,0,0,0,0,0,0,0,0,0,0,0,0,0
0,0,0,0,0,0,0,0,0,0,0,0,0,0,0,0,0,0,0,0,0,0,0,0,0,0,0,0,0,0,0,0,0,0,0,0,0,0
0,0,0,0,0,0,0,0,0,0,0,0,0,0,0,0,0,0,0,0,0,0
0,0,0,0,0,0,0,0,0,0,0,0,0,0,0,0,0,0,0,0,0,0,0,0,0,0,0,0,0,0,0,0,0,0,0,0,0,0,0,0,0,0,0,0,0,0,0,0,0,0,0,0,0,0,0,0,0,0,0,0,0
0.99909484,0.99915135,0.9990381,0.9988,0.9991223,0.9989707,0.74753594,0.99906486,0.99825686,0.99911463,0.87696373,0.9989667,0.9991767,0.9990558,0.9990744,0.99917156,0.9955603,0.9872886,0.8551271,0.99098605,0.9991812,0.99905545,0.9991488,0.9991934,0.7251113,0.9991762,0.9991595,0.99759185,0.9783581,0.999189,0.9991596,0.95489454,0.96927935,0.7273036,0.99875593,0.99911743,0.99787104,0.99906,0.87446254,0.9939327,0.998666,0.99408454,0.94718254,0.6933034,0.86151814,0.84489673,0.84613174,0.9990728,0.83595735,0.5371747,0.99919575,0.96725535,0.84976137,0.7021914
0,0,0,0,0,0,0,0,0,0,0,0,0,0,0,0,0,0,0,0,0
0,0,0,0,0,0,0,0,0,0,0,0,0,0,0,0,0,0,0,0,0,0
0,0,0,0,0,0,0,0,0,0,0,0,0,0,0,0,0,0,0,0,0,0,0,0,0,0,0,0,0,0,0,0,0,0,0,0,0,0,0,0
0,0,0,0,0,0,0,0,0,0,0,0,0,0,0,0,0,0,0,0,0,0,0,0
0,0,0,0,0,0,0,0,0,0,0,0,0,0,0,0,0,0,0,0,0,0,0,0,0,0,0,0,0,0,0,0,0,0,0,0,0,0
0,0,0,0,0,0,0,0,0,0,0,0,0,0,0,0,0,0
0,0,0,0,0,0,0,0,0,0,0,0,0,0,0,0,0,0,0,0,0,0,0,0,0,0,0,0,0,0,0,0,0,0,0,0,0,0,0,0,0
0,0,0,0,0,0,0,0,0,0,0,0,0,0,0,0,0,0,0,0,0,0,0,0,0,0,0,0,0,0,0,0,0,0,0,0,0,0,0,0,0,0
0.06300932,0.057361215,0.058873445,0.10885247,0.12245046,0.092306115,0.5900197,0.13475761,0.28332648,0.06268532
0.7356322,0.796875,0.72727275,0.6666667,0.70731705,0.67741936,0.33333334,0.6938776,0.5263158,0.77310926,0.0,0.54545456,0.64705884,0.65,0.6551724,0.71153843,0.33333334,0.5714286,0.53846157,0.6,0.5681818,0.53333336,0.6981132,0.6041667,0,0.6666667,0.74358976,0.5,0.55,0.8630137,0.7076923,0.5555556,0.54545456,0.0,0.45,0.72,0.8105263,0.5675676,0.5,0.58064514,0.7083333,0.0,0.5,0.44444445,0.5
0.7076197,0.75608635,0.7754656,0.67864394,0.6378945,0.68215734,0.58094496,0.5850687,0.5449689,0.79160637,0.6000332,0.6908502,0.6408335,0.4348265,0.5931009,0.6744304,0.4632798,0.44361594,0.56056523,0.5772127,0.6084475,0.6302233,0.62718207,0.63739836,0.45105276,0.6884751,0.66481,0.50214785,0.5444371,0.89427656,0.69643533,0.5439391,0.52391243,0.5511442,0.546773,0.6786647,0.69835156,0.6504934,0.41021827,0.5548944,0.6266735,0.5418561,0.507861,0.5751514,0.511688,0.674138,0.4646407,0.6533981,0.5064665
1.0,1.0,1.0,1.0,1.0,1.0,0,1.0,0,1.0,0,1.0,1.0,1.0
0,0,0,0,0,0,0,0,0,0,0,0,0,0,0,0,0,0,0,0,0,0,0,0,0,0,0,0,0,0,0,0,0,0,0,0,0,0,0,0,0
0,0,0,0,0,0,0,0,0,0,0,0,0,0,0,0,0,0,0,0,0,0,0,0,0,0,0,0,0,0,0,0,0
0,0,0,0,0,0,0,0,0,0,0,0,0,0,0,0,0,0,0
0,0,0,0,0,0,0,0,0,0,0,0,0,0,0,0,0,0
0.001529883,0.003850485,-0.0075524505,-0.0002280885,0.0037078662,-0.044850316,0.012497294,0.0019928585,0.008639783,-0.027491353,0.06856625,0.0021663434,-0.0139208045,0.00760448,-0.016196938,-0.020357354,0.016171077,-0.011083169,0.0015142995,-0.0017133103,0.00037034086,0.0010458037,-0.0016165809,-0.0024988833,0.03668256,-0.0038908871,0.005246741,-0.0027643114,0.0051869727,-0.04219169,0.003904849,0.044345234,0.0018984404,0.23888342,0.007930635,-0.02079217,-0.0075335116,0.003306932
0,0,0,0,0,0,0,0,0,0,0,0,0,0,0,0,0,0,0,0,0,0,0,0,0,0,0,0,0
0.84820515,0.88134205,0.7592593,0.66091955,0.6177606,0.77675277,0.4347826,0.6393443,0.5,0.83870965,0.6,0.6180124,0.7171717,0.5588235,0.48026314,0.64028776,0.64285713,0.59504133,0.50961536,0.5483871,0.5249042,0.6807229,0.6954023,0.72507554,1.0,0.7627119,0.69611305,0.509434,0.5648855,0.84253395,0.726087,0.4878049,0.6,0.6666667,0.63829786,0.6490251,0.6137931,0.63461536,0.5555556,0.47445256,0.7069409,0.6666667,0.44230768,0.5555556,0.5,0.3846154,0.5,0.7096774,0.52380955
0,0,0,0,0,0,0,0,0,0,0,0,0,0,0,0,0,0,0,0,0,0,0,0,0,0,0,0,0,0,0
0,0,0,0,0,0,0,0,0,0,0,0,0,0,0,0,0,0,0,0,0,0,0,0,0
0,0,0,0,0,0,0,0,0,0,0,0,0,0,0,0,0,0,0,0,0,0,0,0,0,0,0,0,0,0,0,0,0,0,0
0.20341118,0.21231298,0.20306161,0.364835,0.36472636,0.26292753,0.40948,0.3327352,0.52938014,0.18910208,0.54135066,0.25618827,0.3689037,0.401847,0.40732527,0.32873172,0.48188844,0.44228593,0.50492656,0.42072546,0.2861724,0.37961406,0.2808244,0.295022,0.481879,0.31155756,0.38281873,0.477827,0.4550565,0.16457447,0.24664187,0.43610963,0.5747785,0.53514224,0.43405202,0.2260114,0.23426358,0.31131256,0.5019598,0.37264138,0.26272228,0.5315054,0.4612777,0.4501696,0.5380899,0.54302806,0.42742875,0.3334415,0.55366445,0.5729504,0.5009497,0.4742176,0.49096006,0.5751397,0.51844347,0.47788337,0.5153141,0.5811776
0,0,0,0,0,0,0,0,0,0,0,0,0,0,0,0,0,0,0,0,0,0,0,0,0,0,0,0,0,0,0,0,0,0,0,0,0,0,0,0,0,0,0,0
0,0,0,0,0,0,0,0,0,0,0,0,0,0,0,0,0,0,0,0,0,0,0,0,0,0,0,0,0,0,0,0,0,0,0,0,0,0,0,0,0,0,0,0,0,0,0,0,0,0,0,0,0,0
0,0,0,0,0,0,0,0
0,0,0,0,0,0,0,0,0,0,0,0,0,0,0,0,0,0,0,0,0,0,0,0,0,0,0,0,0,0,0,0,0,0,0,0,0,0
0,0,0,0,0,0,0,0,0,0,0,0,0,0,0,0,0,0,0,0,0,0,0,0,0,0,0,0,0,0,0,0,0,0,0,0,0,0
0,0,0,0,0,0,0,0,0,0,0,0,0,0,0,0,0,0,0,0,0,0,0,0,0,0,0,0,0,0,0,0,0
0.74195224,0.86384875,0.7433708,0.6990795,0.70721537,0.62706345,0.43397254,0.7258839,0.5593047,0.75931245,0.5464684,0.70136505,0.62463,0.55463666,0.6595835,0.689953,0.41341853,0.62976974,0.54648066,0.43632093,0.57230854,0.64140576,0.5941385,0.6705774,0.51877606,0.64869905,0.5310415,0.66207683,0.5065547,0.8743589,0.6779311,0.5441384,0.62917125,0.6019946,0.47260296,0.72308695,0.7897725,0.62831795,0.5188986,0.60860616,0.6792179,0.49457365,0.6033815,0.5237831,0.55586773,0.54967284,0.51672864,0.5485576,0.48861647,0.4635149,0.63044584,0.4986008,0.5176102,0.51300865
1.0,1.0,1.0,0,0,0,0,0,0,0,0,0,0,0
0,0,0,0,0,0,0,0,0,0,0,0,0,0,0,0,0,0,0,0,0,0,0
0.71090525,0.7869601,0.6580561,0.5831323,0.6558279,0.7383627,0.45868692,0.6876691,0.5520471,0.81863695,0.5083991,0.7089133,0.6746367,0.5525195,0.5391756,0.70122415,0.5284968,0.46794876,0.45330015,0.45326635,0.6292235,0.5662566,0.6546085,0.69741446,0.454618,0.61742765,0.66738355,0.48948398,0.6172411,0.85811484,0.6929467,0.4892515,0.62652594,0.51985675,0.5265659,0.7133712,0.64244205,0.68143004,0.45944408,0.5953077,0.6426779,0.60971266,0.37342393,0.505461,0.42532426,0.49187884
0,0,0,0,0,0,0,0,0,0,0,0,0,0,0,0,0,0,0,0,0,0,0,0,0,0,0,0,0,0,0,0,0,0,0,0,0,0,0,0,0,0,0,0,0,0,0,0,0,0,0,0
0,0,0,0,0,0,0,0,0,0,0
0,0,0,0,0,0,0,0,0,0,0,0,0,0,0,0,0,0,0,0,0,0,0
0,0,0,0,0,0,0,0,0,0,0,0,0,0,0,0,0
0,0,0,0,0,0,0,0,0,0,0,0,0,0,0,0,0,0,0,0,0,0,0,0,0,0,0
0,0,0,0,0,0,0,0,0,0,0,0,0,0,0,0,0,0,0,0,0,0,0,0,0,0,0,0,0,0,0,0,0,0,0
0,0,0,0,0,0,0,0,0,0,0,0,0,0,0
0.42160603,0.40578064,0.50295615,0.42265576,0.5294285,0.56818664,0.41835043,0.58375806,0.45790735,0.3873463,0.5419637,0.49015287,0.5524302,0.54454434,0.4567256,0.5312229,0.606792,0.5258934,0.54283744,0.55498964,0.44200298,0.5954879,0.5541708,0.489614,0.47336635,0.57539076,0.5641001,0.54348415,0.38621286,0.3552236,0.46918532
0,0,0,0,0,0,0,0,0,0,0,0,0,0,0,0,0,0,0
0,0,0,0,0,0,0,0,0,0,0,0,0,0,0,0,0,0,0,0,0,0,0,0,0,0,0,0,0,0,0,0,0,0,0,0,0,0,0,0
0.99496716,0.995331,0.9953999,0.99589103,0.9957363,0.9954734,0.8229222,0.99600697,0.9902537,0.99576676,0.9041622,0.99597365,0.99597055,0.9959567,0.9957914,0.99420303,0.995809,0.955216,0.6620072,0.94483244,0.99307126,0.99051934,0.9954852,0.9957392,0.7058236,0.99607784,0.99611217,0.9936884,0.8492405,0.9941219,0.99584657,0.94900966,0.8004911,0.6668071,0.9937481,0.9961167,0.9942141,0.9955778,0.84252256,0.985703,0.9953911,0.97228783,0.9685411,0.8298504,0.81707084,0.8469837,0.7857938,0.9957889,0.77950704,0.60196227,0.99554944,0.992205
0,0,0,0,0,0,0,0,0,0,0,0,0,0,0,0,0,0,0,0,0,0,0,0,0,0,0,0,0,0,0,0,0,0,0,0,0,0,0,0,0,0,0
0,0,0,0,0,0,0,0,0,0,0,0,0,0,0,0,0,0,0
0,0,0,0,0,0,0,0,0,0,0
0,0,0,0,0,0,0,0
0,0,0,0,0,0,0,0,0,0,0,0,0,0,0,0,0,0,0,0,0,0,0,0,0,0,0,0,0,0,0,0,0,0,0,0,0,0,0,0
0.7894737,0.8695652,0.84615386,0.6666667,0.8666667,0.8125,0,0.625,0.33333334,0.84,0,0.7894737,0.75,0.6666667,0.6,0.625,0,0.75,0.6666667,1.0,0.625,0.6,0.6666667,0.6363636,0
0,0,0,0,0,0,0,0,0,0,0,0
0,0,0,0,0,0,0,0,0,0,0,0,0,0,0,0,0,0,0,0,0,0,0,0,0,0,0,0,0,0,0,0,0,0,0,0,0,0,0,0,0,0,0,0,0,0,0,0,0
0,0,0,0,0,0,0,0,0,0,0,0,0,0,0,0,0,0,0,0,0,0,0,0,0,0,0,0,0,0,0,0,0,0,0,0,0,0,0,0,0,0
0,0,0,0,0,0,0,0,0,0,0,0,0,0,0,0,0,0,0,0,0,0,0,0,0,0,0,0,0,0,0,0,0,0,0,0,0,0,0,0,0,0,0,0,0,0,0,0,0
0,0,0,0,0,0,0,0,0,0,0
0,0,0,0,0,0,0,0,0,0,0,0,0,0,0,0,0,0
0,0,0,0,0,0,0,0,0,0,0,0,0,0,0,0,0,0,0,0,0,0,0,0,0,0,0,0,0,0,0,0,0,0,0,0,0,0,0,0,0,0,0,0,0,0,0,0,0,0,0,0
0,0,0,0,0,0
0,0,0,0,0,0,0,0,0,0,0,0,0,0,0,0,0,0,0,0,0,0,0
0,0,0,0,0,0,0,0,0,0,0,0,0,0,0,0,0,0,0,0,0,0,0,0,0,0,0,0,0,0,0,0,0,0,0,0,0,0
0,0,0,0,0,0,0,0,0,0,0,0
0,0,0,0,0,0,0,0,0,0,0,0,0,0,0,0,0,0,0,0
0,0,0,0,0,0,0,0,0,0,0,0,0,0,0,0,0,0,0,0,0,0,0,0,0,0,0,0,0,0,0,0,0,0,0,0,0
0.8839942,0.7821485,0.74284303,0.7399715,0.5575458,0.73214,0.43936858,0.6468943,0.57347137,0.74830204,0.45630252,0.68773204,0.71651787
0,0,0,0,0,0,0,0,0,0,0,0
0,0,0,0,0,0,0,0,0,0,0,0,0,0,0,0,0,0,0,0,0,0,0,0,0,0,0,0,0,0,0,0,0,0,0,0,0,0,0,0,0,0,0,0,0,0,0,0,0,0,0
0,0,0,0,0,0,0,0,0,0,0,0,0,0,0
0,0,0,0,0,0,0,0,0,0,0,0,0,0,0,0,0,0,0,0,0,0,0,0,0,0,0,0,0,0,0,0,0,0,0,0,0,0,0,0,0,0,0,0,0,0,0,0
0,0,0,0,0,0,0,0,0,0,0,0,0,0,0,0,0,0,0,0,0,0,0,0,0,0,0,0,0,0,0,0,0,0,0,0,0,0,0,0,0,0
0,0,0,0,0,0,0,0,0,0,0,0,0,0,0,0,0,0,0,0,0,0,0,0,0,0,0,0,0,0
0,0,0,0,0,0,0,0,0,0,0,0,0,0,0,0,0,0,0,0,0,0
0,0,0,0,0,0,0,0,0,0,0,0,0,0,0,0,0
0.22603595,0.2384619,0.2413784,0.47654644,0.37735847,0.28548324,0.50144196,0.38702223,0.46834764,0.2684899,0.5628963,0.3989415,0.39060703,0.5704733,0.5429595,0.36898392,0.59297174,0.5088759,0.5820393,0.5920059,0.46808967,0.5291074,0.38620123,0.3196034,0.49590692,0.42508245
0,0,0,0,0,0,0,0,0,0,0,0,0
0,0,0,0,0,0,0,0,0,0,0,0,0,0,0,0
0.7962963,0.75555557,0.75,0.6956522,0.57894737,0.7297297,0.5,0.6111111,0.5,0.7894737,0,0.7037037,0.7,0.5714286,0.54545456,0.6363636,0.5,0.54545456,0.625,0.5,0.6,0.45454547,0.6923077,0.56,0,0.5,0.6315789
0,0,0,0,0,0,0,0,0,0,0,0,0,0,0,0,0,0
0,1.0,1.0,0,0,0,0,0,0,1.0,0,0,0,0,0,0,0,0,0,0,0,0,0,0,0,0,0,0,0,1.0,0,0,0,0,0,0,0,0,0,0,0,0,0,0,0,0,0,0,0
0,0,0,0,0,0,0,0,0,0,0,0,0,0,0,0,0,0,0,0,0,0,0,0,0,0
0.84002894,0.7775784,0.8214011,0.7005743,0.6497068,0.71619844,0.49443284,0.64663595,0.6415778,0.7754345,0.59972864,0.7897102,0.62239385,0.5976975,0.64139193
0,0,0,0,0,0,0,0,0,0,0,0,0,0,0,0,0,0,0,0,0,0,0,0,0,0,0,0,0,0,0,0,0,0,0,0,0,0,0,0
0,1.0,0,0,0,0,0,0,0,0,0,0,0,0,0,0,0,0,0,0,0
0,0,0,0,0,0,0,0,0,0,0,0,0,0,0,0,0,0,0,0,0,0,0,0,0,0,0,0,0,0,0,0
0,0,0,0,0,0,0,0,0,0,0,0,0,0,0,0,0
0.85867316,0.8541234,0.8198631,0.70351607,0.63221884,0.7103457,0.4402174,0.56708217,0.5,0.85767406,0.4915254,0.6817753,0.6929767,0.5393759,0.53435415,0.6961135,0.49130434,0.62405413,0.60328037,0.47229552,0.5875128,0.64049715,0.8033881,0.6587065,0.4,0.63868827,0.6707659,0.6733884,0.5021322,0.7883909,0.6682353,0.53763443,0.4884726,0.41666666,0.55733335,0.7454529,0.7352638,0.72487247,0.53333336,0.6260472,0.71134424,0.5714286,0.5408971,0.64132553,0.46363637,0.4814815,0.537037,0.70781493,0.5369458
0,0,0,0,0,0,0,0,0,0,0,0,0,0,0,0,0,0,0,0,0,0,0,0,0,0,0,0,0,0
0,0,0,0,0,0,0,0,0,0,0,0
0,0,0,0,0,0,0,0,0,0,0,0,0,0
0,0,0,0,0,0,0,0,0,0,0,0,0,0,0,0,0,0,0,0,0,0,0,0,0,0,0,0,0,0,0,0,0,0,0,0,0,0,0
0.83774495,0.7505285,0.8057491,0.57894737,0.63109046,0.6500956,0.46666667,0.61083746,0.53731346,0.84394383,0.5,0.76246333,0.7215777,0.4642857,0.6680851,0.6713427,0.51724136,0.5936073,0.46616542
1.0,0,0,0,0,1.0,0,0,0,1.0,0,0,0,0,0,0,0,0,0,0,0,0,0,0,0,0
0,0,0,0,0,0,0,0,0,0,0,0,0
0,0,0,0,0,0,0,0,0,0,0,0,0,0,0,0,0,0,0,0,0,0,0,0,0,0,0,0,0,0,0,0,0,0,0,0,0,0,0,0,0,0
0,0,0,0,0,0,0,0,0,0,0,0,0,0,0,0,0,0,0,0,0,0,0,0,0,0,0,0,0,0,0,0,0,0,0,0,0,0,0,0,0,0,0,0,0,0,0,0
0.74155116,0.79449004,0.73589927,0.67388844,0.63247144,0.7623962,0.5168675,0.67991585,0.5760516,0.8099085,0.5738985,0.78953046,0.6783571,0.68517727,0.64426,0.6680543,0.54449624,0.5988896,0.5209861,0.4842167,0.688706,0.69103247,0.74485266
0,0,0,0,0,0,0,0,0,0,0,0
0,0,0,0,0,0,0,0,0,0,0,0,0,0,0,0,0,0,0,0,0,0,0,0,0,0,0,0,0,0
0,0,0,0,0,0,0,0,0,0,0,0,0,0,0,0,0,0,0,0,0,0,0,0,0,0,0,0,0,0,0,0,0,0,0,0,0,0,0,0,0,0,0,0,0,0
0,0,0,0,0,0,0,0,0,0,0,0,0,0,0,0,0,0,0,0
0,0,0,0,0,0,0,0,0,0,0,0,0,0,0,0,0,0,0,0,0,0,0,0,0,0,0,0,0,0,0,0
0,0,0,0,0,0,0,0,0,0,0,0,0,0,0,0,0,0,0,0,0,0,0,0,0,0,0,0,0,0,0,0,0,0,0,0,0,0,0,0
0,0,0,0,0,0,0,0,0,0,0,0,0,0,0,0,0,0,0,0,0,0,0,0,0,0,0,0,0,0,0
0,0,0,0,0,0,0,0,0,0,0,0,0,0,0,0,0,0,0,0,0,0
0.79461515,0.6789325,0.67550814,0.5792426,0.5959065,0.6370326,0.55470294,0.5818557,0.6152341,0.67624015,0.506235,0.6146688,0.6373123,0.5171069
0,0,0,0,0,0,0,0,0,0,0,0,0,0,0,0,0,0,0
0,0,0,0,0,0,0,0,0
0,0,0,0,0,0,0,0,0,0,0,0,0,0,0,0,0,0,0,0,0,0,0,0,0,0,0
0,0,0,0,0,0,0,0,0,0,0,0,0,0,0,0,0,0,0,0,0,0,0,0,0,0,0,0
0,0,0,0,0,0,0,0,0,0,0,0,0,0,0,0,0,0,0,0,0,0,0,0,0,0,0,0,0,0,0,0,0,0,0,0,0,0,0,0,0,0,0,0,0,0,0,0,0,0,0,0,0,0
0,0,0,0,0,0,0,0,0,0,0,0,0,0,0,0,0,0,0,0,0,0,0
0,0,0,0,0,0,0,0,0,0,0,0,0,0,0,0,0,0,0,0,0,0,0,0,0,0,0,0,0,0,0,0,0,0,0,0,0,0,0,0,0,0,0,0,0,0,0
0,0,0,0,0,0,0,0,0,0,0,0,0,0,0,0,0,0,0,0,0,0,0,0,0,0,0,0,0,0
0,0,0,0,0,0,0,0,0,0,0,0,0,0
0,0,0,0,0,0,0,0,0,0,0
0,0,0,0,0,0,0,0,0,0,0,0,0,0,0,0,0,0,0,0,0,0,0,0,0,0,0,0,0,0,0,0,0,0,0,0,0,0,0,0,0
0,0,0,0,0,0,0,0,0,0,0,0,0,0,0,0,0,0,0,0,0,0,0,0,0,0,0,0,0,0,0,0,0,0,0,0,0,0,0,0,0,0,0
0.8372612,0.76369685,0.63913906,0.70229554,0.6609023,0.74947345,0.5943543,0.5369747,0.7256322,0.78149474,0.5235278,0.6676048,0.6030244,0.64398676,0.65267885,0.6295642,0.4584387,0.4783409,0.55001503,0.48956898,0.64429134,0.63972884
1.0,1.0,1.0,1.0,1.0,1.0,0,0,0,1.0,0,1.0,0,0,0,0,0,0,0,0,0
1.0,1.0,1.0,1.0,1.0,1.0,0,1.0,0,1.0,0,1.0,1.0,0,0,1.0,0,0
0,0,0,0,0,0,0,0,0,0,0,0,0,0,0,0,0,0,0,0,0,0,0,0,0,0
0.7642832,0.80182195,0.8899278,0.7126904,0.6496068,0.7101001,0.49920508,0.5694672,0.5079322,0.86132854,0.48054475,0.7104034,0.60958385,0.585508,0.5827315,0.5495827
0,0,0,0,0,0,0,0,0,0,0,0,0
0,0,0,0,0,0,0,0,0,0,0,0,0,0,0
0.6666667,0.6666667,0.6666667,0.5,0.0,0.6666667,0,0.0,0,0.6666667,0,0.5,0.0
0,0,0,0,0,0,0,0,0,0,0,0,0,0,0,0,0,0,0,0,0,0,0,0,0,0,0,0,0,0,0,0,0,0,0,0,0,0
0,0,0,0,0,0,0,0,0,0,0,0,0,0,0,0
0,0,0,0,0,0,0,0,0,0,0,0,0,0,0,0,0,0,0,0,0,0,0,0,0,0,0,0,0,0,0,0,0,0,0,0,0,0,0,0,0,0,0
0,0,0,0,0,0,0,0,0,0,0,0,0,0,0
0,0,0,0,0,0,0,0,0,0,0,0
0,0,0,0,0,0,0,0,0,0,0,0,0,0,0,0,0,0,0,0,0,0,0,0,0,0,0,0,0,0,0,0,0,0,0,0
0,0,0,0,0,0,0,0,0,0,0,0,0,0,0,0,0,0,0,0,0,0,0,0,0,0,0,0,0,0,0,0,0,0,0
0,0,0,0,0,0,0,0,0,0,0,0,0,0,0,0,0,0,0,0,0,0,0,0,0,0,0,0,0,0,0,0,0,0,0,0,0,0,0,0,0,0,0,0,0,0,0,0,0,0,0
0,0,0,0,0,0,0,0,0
0.8235294,0.8,0.625,0.71428573,0.6666667,0.71428573,0,0.71428573,0.5,0.8125,0,0.7777778,0.5,0.5,0.6666667,0.6,0,0.5,0.5
0,0,0,0,0,0,0,0,0,0
0.7155684,0.75699556,0.75384337,0.6950394,0.56201446,0.7651799,0.5076381,0.73872393,0.5524146
0,0,0,0,0,0,0,0,0,0,0,0,0,0,0,0,0,0,0
0.48399174,0.47599325,0.45587197,0.54450876,0.5437338,0.4859498,0.5428995,0.5929913,0.6151691,0.47033188,0.40528238,0.5093812,0.5078673,0.4880731,0.59942406,0.50938785,0.6468662,0.6296079,0.59704477,0.44949612,0.569775,0.5760217,0.51291287,0.5002677,0.48851004,0.53982955,0.5492323,0.57799304,0.5571222,0.46227306,0.4519761,0.5910141,0.55297554,0.45717585,0.6219055,0.4904637,0.5104525,0.48097822,0.44006437,0.6326909,0.5189425,0.551478,0.48255658,0.65956646,0.47388634
0.71182305,0.87054557,0.7325301,0.75731915,0.6457617,0.6885575,0.6097561,0.5845012,0.44876453,0.8769613,0.5,0.7168,0.5767548,0.5311514,0.5746318,0.6855704,0.56278366
0,0,0,0,0,0,0,0,0,0,0,0,0,0,0,0,0,0,0,0,0,0,0,0,0,0,0,0,0,0,0
0,0,0,0,0,0,0,0,0,0,0,0,0,0,0,0,0,0,0,0,0,0,0
1.0,1.0,1.0,1.0,1.0,1.0,0,1.0,0,1.0,0,1.0
0,0,0,0,0,0,0,0,0,0,0,0,0,0,0,0,0,0,0,0,0,0,0,0,0,0,0,0,0,0,0,0,0,0,0,0,0,0,0,0,0
0.6220127,0.745928,0.6779671,0.59883535,0.5824507,0.55891895,0.5129865,0.6576865,0.67140514,0.7127922,0.485687,0.65460837,0.6417717,0.4573688
0.7876428,0.81372315,0.72561085,0.67133963,0.5625578,0.7023719,0.53373104,0.72919405,0.5266277,0.80486816,0.5804019,0.61960346,0.5851002,0.54860073,0.59557074,0.6251732,0.4958154,0.6118062,0.48897922,0.50592655,0.58736604,0.59078336,0.6681297,0.6419627,0.5930369,0.69058245,0.48473063,0.5982892,0.5522577,0.7810051,0.63429487,0.5038938,0.5438815,0.44336686,0.62342566,0.833826,0.80256826,0.6200334,0.5370602,0.5068974,0.76392823,0.44661662,0.48323905,0.6752269
0,0,0,0,0,0,0,0,0,0,0,0,0,0,0
0,0,0,0,0,0,0,0,0,0,0,0,0,0,0,0,0,0,0,0,0,0,0,0,0,0,0,0,0,0,0,0,0,0,0,0,0,0,0,0,0,0,0,0
1.0,1.0,1.0,1.0,1.0,1.0,0,1.0,0,1.0,0,1.0,1.0
0,0,0,0,0,0,0,0,0,0,0,0,0,0,0,0,0
0.75868374,0.82533824,0.8310214,0.69433963,0.63555557,0.71091443,0.5,0.62,0.71929824,0.8826715,0.33333334,0.69592476,0.821192,0.5375,0.56050956,0.65591395,0.5263158,0.54,0.5492958
0,0,0,0,0,0,0,0,0,0,0,0,0,0,0,0,0,0,0,0,0,0
0,0,0,0,0,0,0,0,0,0,0,0,0,0,0,0,0,0,0,0,0,0,0,0,0,0,0,0,0,0,0,0,0,0,0,0,0,0,0,0,0,0,0
0,0,0,0,0,0,0,0,0,0,0,0,0,0,0,0,0,0,0,0,0,0,0,0,0,0,0,0,0,0,0,0,0,0,0,0,0,0,0,0,0,0,0,0
0,0,0,0,0,0,0,0,0,0,0,0,0,0,0,0,0,0
0,0,0,0,0,0,0,0,0,0,0,0,0,0,0,0,0,0,0,0,0,0,0
0.7514825,0.82074165,0.7915061,0.7466045,0.6436054,0.69082755,0.54913294,0.6213873,0.5058318,0.729533,0.4857143,0.78107476,0.7035065,0.4853755,0.50281423,0.74765366,0.6057692,0.51355076,0.5348485,0.5167173,0.740391,0.5247919,0.6304483,0.6952824,0.44444445,0.57474375,0.55691904,0.4816196,0.63183594,0.86528015,0.7649505,0.5945946,0.67830044,0.55,0.5870878,0.7312632,0.64151573,0.5868533,0.4722222,0.6525,0.5857425,0.4375,0.45047924
0.81578946,0.8469388,0.72727275,0.8,0.62068963,0.74418604,0.5,0.5925926,0.625,0.84,1.0,0.6571429,0.6363636,0.5,0.64285713,0.8095238,0.5,0.54545456,0.6,0.5,0.61904764,0.65,0.6666667,0.7368421,0,0.64,0.6818182,0.6923077,0.61538464,0.92105263,0.627907,0.6666667,0.5714286,0,0.625,0.70454544,0.8507463,0.65217394,1.0,0.7,0.71428573,0,0.5,0.6,1.0,1.0,1.0,0.65,0.5
0.7240053,0.70535886,0.76832247,0.5000433,0.6597068,0.6450858,0.4608702,0.61737704,0.44935283,0.8625579,0.38626492,0.71932226,0.5508526,0.49302176,0.6617193,0.6403838,0.44376084,0.48647183,0.57577604,0.47698525,0.5856249,0.5755775,0.65744436,0.58652544,0.5144892,0.59437704,0.5566071,0.44477487,0.59064233
0,0,0,0,0,0,0,0,0,0,0,0,0,0
0.7974249,0.7975437,0.8029222,0.7188612,0.7993795,0.7789784,0.5555556,0.7346939,0.7373272,0.8387365,0.5555556,0.70317,0.703125,0.625,0.57872343,0.6761062,0.5217391,0.59241706,0.5473684,0.5810811,0.60349125,0.61538464,0.65704584,0.71428573,0.6666667,0.68522483,0.7186898,0.56060606,0.6229508,0.91643536,0.6963788,0.525,0.5652174,0.6,0.5173745,0.7762557,0.69590646,0.7819972,0.5714286,0.58387095,0.5574713,0.75,0.46478873,0.52380955,0.4375,0.5714286,0.5714286,0.7258979,0.5588235,0.47058824,0.6392405
0.76429546,0.8184148,0.7378131,0.6007277,0.5323726,0.7081268,0.4428318,0.5707002,0.61676884,0.7698487,0.561715,0.72833794,0.6953655,0.5547351
0,0,0,0,0,0,0,0,0,0,0,0,0,0,0,0,0,0,0,0,0,0,0,0
0,0,0,0,0,0,0,0,0,0,0,0,0,0,0,0
1.0,1.0,1.0,1.0,1.0,1.0,0,1.0,0,1.0,0,1.0,1.0,0,0,1.0,0,1.0,0,0,1.0,1.0,1.0,1.0,0,1.0,1.0,0,0,1.0,1.0,0,0,0,1.0,1.0,1.0,1.0
0,0,0,0,0,0,0,0,0,0,0,0,0,0,0,0,0,0,0,0,0,0,0,0,0,0,0,0,0,1.0,0,0,0,0
0,0,0,0,0,0,0,0,0,0,0,0,0,0,0,0
0,0,0,0,0,0,0,0,0,0,0,0,0,0,0,0,0,0,0,0,0,0,0,0,0,0,0,0,0,0,0,0,0,0,0,0
0.9999931,0.9999949,0.9999941,0.9998393,0.9999491,0.999967,0.9067358,0.9999339,0.99199694,0.9999945,0.72307694,0.999989,0.9999904,0.9977079,0.99991757,0.9997776,0.99910265,0.98517996,0.70731705,0.95444685,0.9975644,0.9849029,0.9997555,0.9999698,0.70212764,0.99992406,0.99999243,0.99465513,0.7804878,0.9999948,0.9999949,0.907767,0.75609756,0.5416667
1.0,1.0,1.0,0,0,1.0,0,0,0,1.0,0,1.0,0,0,0,0,0,0,0,0,0,0,0,1.0,0,0,0,0,0,1.0,1.0,0,0,0,0,1.0,1.0,0,0,0,1.0,0,0,0,0,0,0,0,0
0.66979283,0.68193513,0.659182,0.61544913,0.5646959,0.6635717,0.54035217,0.5949433,0.5305102,0.6408246,0.65385437,0.63221246,0.5777808,0.6294172,0.51917404,0.6358769,0.49815696,0.70927024,0.66382384,0.49135298,0.7303204,0.6360583,0.58183366,0.6431498,0.61873406,0.6561644,0.5439745
0,0,0,0,0,0,0,0,0,0,0,0,0,0,0,0,0,0,0,0,0,0,0,0
0,0,0,0,0,0,0,0,0,0,0,0,0,0,0,0,0,0,0,0,0,0,0,0,0,0,0,0,0,0,0,0,0,0,0,0
0,0,0,0,0,0,0,0,0,0,0,0,0,0,0,0,0,0,0,0,0,0,0,0,0,0,0,0,0,0,0,0,0,0,0,0,0,0,0,0,0,0,0,0,0,0,0,0,0,0,0,0,0,0,0
0,0,0,0,0,0,0,0,0,0,0,0,0,0,0
0,0,0,0,0,0,0,0,0,0,0,0
0,0,0,0,0,0,0,0,0,0,0,0,0,0,0,0,0,0,0,0,0,0,0,0,0,0,0,0,0,0,0,0,0,0,0,0,0,0,0,0,0,0,0,0
0,0,0,0,0,0,0,0,0,0,0,0,0,0,0,0,0,0,0,0,0,0,0,0,0,0,0,0,0,0,0,0,0,0,0,0,0,0,0,0,0,0,0
0,0,0,0,0,0,0,0,0,0,0,0,0,0,0,0,0,0,0,0,0,0,0,0,0,0,0,0,0,0,0,0,0,0,0,0,0,0
0,0,0,0,0,0,0,0,0,0,0,0,0,0,0,0,0,0,0,0,0,0,0,0,0,0,0,0,0,1.0,0,0,0,0,0,0,0,0,0,0,0,0,0
0,0,0,0,0,0,0,0,0,0,0,0,0,0,0,0,0,0,0,0,0,0,0,0,0,0,0,0,0
0,0,0,0,0,0,0,0,0,0,0,0,0,0,0,0,0,0,0,0,0,0,0,0,0,0,0,0,0,0,0,0,0,0,0,0,0,0,0,0,0,0,0,0,0,0,0,0
0,0,0,0,0,0,0,0,0,0,0,0,0,0,0,0,0,0,0,0,0,0,0,0,0,0,0,0,0,0,0,0,0,0,0,0,0,0,0,0,0,0,0,0,0,0
0.8159568,0.756394,0.8354886,0.66145486,0.6680151,0.6857182,0.5240876,0.5750705,0.5836308,0.7237023,0.5116279,0.6464334,0.62073314,0.58363456,0.5142329,0.59220195,0.5510204,0.61149675,0.5662852,0.48471338,0.5048228,0.5527029,0.6120607,0.711961,0.44827586,0.7097999,0.60987735,0.4984247,0.61182135,0.8924304,0.7219906,0.5479356,0.5518341,0.4918033,0.6155546,0.7746959,0.7390245,0.6098108,0.540404,0.6100286,0.7270636,0.375,0.58436483,0.5754168,0.5928144,0.40106952,0.4,0.7480734,0.5145858,0.4869565,0.5681818,0.6448837,0.6386608,0.43290043
0,0,0,0,0,0,0,0,0,0,0,0,0,0,0,0,0,0,0,0,0,0,0,0,0,0,0,0,0,0,0,0,0,0,0,0,0,0,0,0,0,0,0,0,0,0,0,0,0,0,0,0,0,0,0,0,0,0,0,0
0,0,0,0,0,0,0,0,0,0,0,0,0,0,0
0,0,0,0,0,0,0,0,0,0,0,0,0,0,0,0,0,0,0,0,0,0,0,0,0,0
0,0,0,0,0,0,0,0,0,0,0,0,0,0,0,0,0,0,0,0,0,0,0,0,0,0,0,0,0,0
0.75820035,0.778735,0.8257034,0.5876,0.65421814,0.64458877,0.49312323,0.6699161,0.5568829,0.8172411,0.47349268,0.69789505
0,0,0,0,0,0,0,0,0,0,0,0,0,0,0,0,0,0,0,0,0,0,0,0,0,0,0,0,0,0,0,0,0
0,0,0,0,0,0,0,0,0,0,0,0,0,0,0,0,0,0,0,0,0,0,0,0,0,0,0,0,0,0,0,0,0,0,0,0,0,0,0,0,0,0,0
1.0,1.0,1.0,1.0,0,1.0,0,1.0,0,1.0,0,1.0,0,0,0,1.0,0,0,0,0,0,0,1.0,1.0,0,1.0,1.0
0.79746836,0.8635514,0.79591835,0.6678832,0.73030305,0.8355795,0.375,0.6739927,0.5232558,0.77078086,0.4,0.64204544,0.6182573,0.5194805,0.72727275,0.7010309,0.59090906,0.56302524,0.6262626,0.43396226,0.6205534,0.44805196,0.73391813
0,0,0,0,0,0,0,0,0,0,0,0,0,0,0,0,0,0,0,0,0,0,0,0,0,0,0,0
0,0,0,0,0,0,0,0,0,0,0,0,0,0,0,0,0,0,0,0,0,0,0,0,0,0,0,0,0,0,0,0,0,0,0,0,0,0,0,0,0,0,0,0,0,0,0
0,0,0,0,0,0,0,0,0,0,0,0,0,0,0,0,0,0,0,0,0,0,0,0,0,0,0,0,0,0,0,0,0,0,0,0,0
0,0,0,0,0,0,0,0,0,0,0,0,0,0,0,0,0,0,0,0,0,0,0,0,0,0,0,0,0,0,0,0,0,0,0,0,0,0,0,0,0,0,0,0,0,0,0,0,0,0,0,0,0,0,0,0,0
0,0,0,0,0,0,0,0,0,0,0,0,0,0,0,0,0,0,0,0,0
0,0,0,0,0,0,0,0,0,0,0,0,0,0,0,0,0,0,0,0,0,0,0,0,0,0,0,0,0
0,0,0,0,0,0,0,0,0,0,0,0,0,0,0,0,0,0,0,0,0,0,0
0,0,0,0,0,0,0,0,0,0,0,0,0,0,0,0,0,0,0
0,0,0,0,0,0,0,0,0,0,0,0,0,0,0,0,0,0,0,0,0,0,0,0,0,0,0,0,0,0,0,0,0,0,0,0,0,0,0,0
0,0,0,0,0,0,0,0,0,0,0,0,0,0,0,0,0,0,0,0,0,0,0,0
0,0,0,0,0,0,0,0,0,0,0,0,0,0,0,0,0,0,0,0,0,0,0,0,0,0,0,0,0,0,0,0,0,0,0,0,0,0,0,0,0,0,0,0,0,0,0
0.7628866,0.8263889,0.77884614,0.739726,0.8153846,0.68115944,0.6666667,0.64705884,0.7058824,0.8
0.65789485,0.73694575,0.6482431,0.5103213,0.6342111,0.63915116,0.53841805,0.70207584,0.5978392,0.7346272
0.8431125,0.73903644,0.69534993,0.65465266,0.680683,0.7863622,0.49110797,0.5908532,0.5603941,0.73026806,0.41963628,0.584547,0.5506174,0.5614211,0.5090472,0.6625751,0.43061796,0.6416652,0.5545838,0.4556585,0.72946066,0.49839413,0.68697935,0.66697556,0.50947064,0.6688439,0.65840423,0.6572493,0.6533019,0.85409904,0.6409038,0.60289997,0.56530386,0.5336452,0.4930753,0.7944198
0,0,0,0,0,0,0,0,0,0,0,0,0,0,0,0,0,0,0,0,0,0,0,0,0,0,0,0,0,0,0,0,0,0,0,0
0,0,0,0,0,0,0,0,0,0,0,0,0,0,0,0,0,0,0,0,0,0,0,0,0,0,0,0,0,0,0,0,0,0,0
0,0,0,0,0,0,0,0,0,0,0,0,0,0,0,0,0,0,0,0,0,0,0,0,0,0,0,0,0,0,0,0,0,0,0
0.7830239,0.8745924,0.7509635,0.64558643,0.57392496,0.6560605,0.3874459,0.6762786,0.6297528,0.8211951,0.4745098,0.67771286,0.5736466,0.5622196
0,0,0,0,0,0,0,0,0,0,0,0,0,0,0,0,0,0,0,0,0,0,0,0,0,0,0,0,0,0,0,0,0,0,0,0,0,0,0,0,0,0,0
0,0,0,0,0,0,0,0
0,0,0,0,0,0,0
0,0,0,0,0,0,0,0,0,0,0,0,0,0,0,0,0,0,0,0,0,0,0,0,0,0,0,0,0,0,0,0,0,0,0,0,0,0,0,0,0,0,0
0,0,0,0,0,0,0,0,0,0,0,0,0,0,0,0,0,0,0,0,0,0,0,0,0,0,0,0,0,0,0,0,0,0,0,0,0,0,0,0,0,0,0,0,0
0.721998,0.7117031,0.65267134,0.5622355,0.7652296,0.7382301,0.4183198,0.6604566,0.6037193,0.86066616,0.40352634,0.6714732,0.59357315,0.5575395,0.5429993,0.69761527,0.60986656,0.521545,0.63065773,0.47728723,0.6074633,0.5536469,0.6138235,0.60035956
0.7270923,0.7011336,0.6821529,0.5882474,0.5965231,0.6461491,0.51815337,0.57099843,0.5593167,0.66337407,0.5799784,0.6207483,0.52511585,0.5577109,0.5237043,0.5386173,0.4437649,0.6158139,0.6054578,0.45312196,0.5717944,0.6192693,0.6220339,0.62401974,0.41964403,0.6735674,0.6974536,0.6022059,0.5899991,0.6992973,0.6469666,0.58424777,0.63251835,0.47243968,0.49876812,0.71245813,0.7236791,0.55964965,0.46315327,0.52559274,0.6746038,0.4986911,0.5373154
0,0,0,0,0,0,0,0,0,0,0,0,0,0,0,0,0,0,0,0,0,0,0,0,0,0,0,0,0
0,0,0,0,0,0,0,0,0,0,0,0,0,0,0,0,0,0
0.4714927,0.47312835,0.43492267,0.66909844,0.5983749,0.5376765,0.63901204,0.66867435,0.55337447,0.4679885,0.42707926,0.56704164,0.69062614,0.55995834,0.754334,0.6019162,0.4596423,0.64504266,0.64697516,0.5054261,0.6146013,0.61662763,0.5791601,0.60111916,0.48401037,0.62671363,0.6155836,0.6102288,0.64341956,0.4078349,0.57025295,0.5831406,0.50745744,0.48829016,0.5687563,0.55390054,0.64340645,0.58932966,0.39220932,0.63262564,0.5363537,0.43765283,0.46453598
0,0,0,0,0,0,0,0,0,0,0,0,0,0,0,0,0,0,0,0,0,0,0
0,0,0,0,0,0,0,0,0,0,0,0
0,0,0,0,0,0,0,0,0,0,0
0,0,0,0,0,0,0,0,0,0,0,0,0,0,0,0,0,0
0,0,0,0,0,0,0,0,0,0,0,0,0,0,0,0,0,0,0,0,0,0,0,0,0,0,0,0,0,0,0,0,0,0,0,0,0,0,0,0,0,0,0,0
0,0,0,0,0,0,0,0,0
0,0,0,0,0,0,0,0,0,0,0,0,0,0,0
0.99999005,0.999989,0.99999034,0.9999836,0.99992275,0.99998295,0.78846157,0.99999034,0.9928315,0.99998486,0.87096775,0.9999867,0.99998885,0.9979836,0.9990516,0.99995553,0.9996737,0.98279285,0.7373737,0.99408555,0.9993651,0.9991154,0.99996716,0.9999898,0.6896552,0.99997604,0.9999853,0.9953098,0.84158415,0.9999763,0.99997824,0.8694158,0.92290246,0.78571427,0.9995947,0.99998945,0.9999896,0.9999603,0.7924528,0.99182504,0.99997014,0.9717988,0.9634518,0.6813187,0.7744361
0,0,0,0,0,0,0,0,0,0,0,0,0,0,0,0,0,0,0,0,0,0,0,0,0,0,0
0,0,0,0,0,0,0,0,0,0,0,0,0,0,0,0,0,0,0,0,0,0,0,0,0,0,0,0,0,0,0,0,0,0,0,0,0,0,0
0.4836206,0.49703127,0.48897934,0.42435476,0.57758397,0.5013489,0.5263046,0.57119864,0.4552745
1.0,1.0,1.0,0,0,0,0,0
0,0,0,0,0,0,0,0,0,0,0,0,0,0,0,0,0,0,0,0,0,0,0,0,0,0,0,0,0,0,0,0
0,0,0,0,0,0,0,0,0,0,0,0,0,0,0,0,0,0,0,0,0,0,0,0,0,0,0,0,0,0,0,0,0,0,0,0
0,0,0,0,0,0,0,0,0,0,0,0,0,0,0,0,0,0,0,0,0,0,0,0,0,0,0,0
0,0,0,0,0,0,0,0,0,0,0,0,0,0,0,0
0,0,0,0,0,0,0,0,0,0,0,0,0,0,0,0,0,0,0,0
0,0,0,0,0,0,0,0,0,0,0,0,0,0,0,0,0,0,0,0,0,0,0,0,0
0,0,0,0,0,0,0,0,0,0,0,0,0,0,0,0,0,0,0,0,0,0,0
0,0,0,0,0,0,0,0,0,0,0,0,0,0,0,0,0,0,0,0,0
0,0,0,0,0,0,0,0,0,0,0,0,0,0,0,0,0,0,0,0,0,0,0,0,0,0,0,0,0,0,0,0,0,0,0,0,0,0,0
0,0,0,0,0,0,0,0,0,0,0,0,0,0,0,0,0,0,0,0,0,0,0,0,0,0,0,0,0,0,0,0
0,0,0,0,0,0,0,0,0,0,0,0,0,0,0,0,0,0,0,0,0,0,0,0,0,0,0
0,0,0,0,0,0,0,0,0,0,0,0,0,0,0,0,0,0,0,0,0,0,0,0,0,0,0,0,0,0,0,0
0,0,0,0,0,0,0,0,0,0,0,0,0,0,0,0,0,0,0,0,0,0,0,0,0,0,0,0,0,0,0
0,0,0,0,0,0,0,0,0,0,0,0
0,0,0,0,0,0,0,0,0,0,0,0,0,0,0,0,0,0,0,0,0,0,0,0,0,0,0,0,0,0,0,0,0,0,0,0,0,0,0,0,0,0,0,0,0,0,0,0,0
0,0,0,0,0,0,0,0,0,0,0,0,0,0,0,0,0,0,0
0,0,0,0,0,0,0,0,0,0,0,0,0,0,0,0,0,0,0,0,0
0,0,0,0,0,0,0,0,0,0,0,0,0,0,0,0,0,0,0,0
0,0,0,0,0,0,0,0,0,0,0,0,0,0,0,0,0,0,0,0,0,0,0,0,0,0,0,0,0,0,0,0,0,0,0,0,0
0,0,0,0,0,0,0,0,0,0,0,0,0,0,0,0,0,0,0,0,0,0,0,0,0,0,0,0,0,0,0,0,0,0,0,0,0,0,0,0,0,0,0,0,0,0,0,0,0,0,0,0,0,0
0,0,0,0,0,0,0,0,0,0,0,0,0,0,0,0,0,0,0,0,0,0,0,0,0,0,0,0,0,0,0,0,0,0
0,0,0,0,0,0,0,0,0,0,0,0,0
1.0,1.0,0,0,0,0,0,0,0,0,0,0,0,0,0,0,0,0,0,0,0,0,0,0,0,0
0,0,0,0,0,0,0,0,0,0,0,0,0,0,0,0,0,0
1.0,1.0,1.0,1.0,1.0,1.0,0,1.0,0,1.0,0,1.0
0,0,0,0,0,0,0,0,0,0,0,0,0,0,0,0,0,0,0,0,0,0,0,0,0
0,0,0,0,0,0,0,0,0,0,0,0,0,0,0,0,0,0,0,0,0,0,0,0,0
0,0,0,0,0,0,0,0,0,0,0,0,0,0,0,0,0,0,0,0,0,0,0,0,0,0,0,0,0,0,0,0,0,0,0,0,0,0,0,0
1.0,1.0,1.0,1.0,1.0,1.0,0,1.0,0,1.0,0,1.0,1.0
0,0,0,0,0,0,0,0,0,0,0,0,0,0,0,0,0,0,0,0,0,0,0,0,0,0,0,0,0,0,0,0,0,0,0,0,0,0,0,0,0,0,0
1.0,1.0,1.0,0,1.0,1.0,0,0,0,1.0,0,1.0,1.0,0,0,1.0,0,0,0,0,0,0,1.0,1.0,0,0,0,0,0,1.0,1.0,0,0,0,0,1.0
0,0,0,0,0,0,0,0,0
0,0,0,0,0,0,0,0,0,0,0,0,0,0,0,0,0
0,0,0,0,0,0,0,0,0,0,0,0,0,0,0,0,0,0,0,0,0,0,0,0,0,0,0,0,0,0,0,0,0,0,0,0,0,0,0,0,0,0,0,0,0,0,0,0,0,0,0,0,0
0.8305176,0.8430462,0.79501194,0.7037037,0.7200461,0.77490777,0.4473684,0.7699642,0.55813956,0.83760875,0.44444445,0.6821121,0.62657094,0.6182573,0.62666667,0.71879697,0.5555556,0.6195286,0.5970149,0.55263156,0.6885246,0.7056075,0.58419245,0.69859517,0.5,0.60779816,0.591224,0.54444444,0.5471698,0.90246785,0.80948764,0.6363636,0.5271318
0,0,0,0,0,0,0,0,0,0,0,0,0,0,0,0,0,0,0,0,0,0,0,0,0,0,0,0,0,0,0,0
0.77572036,0.8527529,0.77153486,0.6722336,0.57841396,0.74698424,0.5073366,0.6435493
0,0,0,0,0,0,0,0,0,0,0,0,0,0,0,0,0,0,0,0,0,0,0,0,0,0,0,0
0.78534377,0.83275104,0.74376184,0.5895052,0.65862846,0.7413374,0.47652784,0.654566,0.4729213,0.7883387,0.46587032,0.6665317,0.6197299,0.5235918,0.55253977,0.703231,0.40718216,0.66093487,0.4544009,0.6231058,0.6313997,0.5838149,0.69330984,0.62140393,0.54279894,0.6613454,0.6403023,0.5107394,0.48861983,0.94681764,0.691469,0.54522526,0.6019515,0.5823063,0.5365908,0.8195173,0.75396466
1.0,1.0,1.0,1.0,1.0,1.0,0,1.0,0,1.0,0,1.0,1.0,0,0,1.0,0,0,0,0
1.0,1.0,1.0,1.0,1.0,1.0,0,1.0,1.0,1.0,0,1.0,1.0,1.0,1.0,1.0,0,1.0,1.0,0,1.0
0,0,0,0,0,0,0,0,0,0,0,0,0,0,0,0,0,0,0,0,0,0,0,0,0,0,0,0,0,0,0,0,0,0,0,0,0,0,0,0,0,0,0,0
0,0,0,0,0,0,0,0,0,0,0,0,0,0,0,0,0,0,0,0,0,0,0,0,0,0,0,0,0,0,0,0,0
0,0,0,0,0,0,0,0,0,0,0,0
1.0,1.0,1.0,1.0,1.0,1.0,0,1.0,0,1.0,0,1.0
0,0,0,0,0,0,0,0,0,0,0,0,0,0,0,0,0,0
0.3706644,0.32495493,0.3167938,0.43588543,0.44348577,0.39967918,0.47284847,0.44091004,0.69827867,0.34073594,0.11076454,0.40479165,0.49966347,0.6949406,0.44778904,0.3880666,0.53165716,0.35958397,0.38699538,0.039491948,0.45379984,0.5102212,0.480458,0.42273915,0.30895558,0.43073624,0.42790276,0.50426453,0.24415058,0.31052825,0.3332612,0.26688486,0.48403952,0.33776194,0.38221377,0.36352405,0.383639,0.36229208,0.16863106,0.38552904
0,0,0,0,0,0,0,0,0,0,0,0
0,0,0,0,0,0,0,0,0,0,0,0,0,0,0,0,0,0,0,0,0,0,0,0,0,0,0,0,0,0,0,0,0,0,0,0,0,0,0,0,0,0,0,0,0
0.78740656,0.80430514,0.7296286,0.6942219,0.63912034,0.8489551,0.4389188,0.6684313,0.54989225,0.8421997,0.5203867
0,0,0,0,0,0,0,0,0,0,0,0,0,0,0,0,0,0,0,0,0,0,0,0,0,0,0,0,0,0,0,0,0,0,0,0,0
0,0,0,0,0,0,0,0,0,0,0,0,0,0,0,0,0,0,0,0,0
0,0,0,0,0,0,0,0,0,0,0,0
0,0,0,0,0,0,0,0,0,0,0,0,0,0,0,0,0,0,0,0,0,0,0,0,0,0,0,0,0,0,0,0,0,0,0,0,0,0,0,0,0,0,0,0
0,0,0,0,0,0,0,0,0
0.7961396,0.7639303,0.8001097,0.7441186,0.73707277,0.7735208,0.509434,0.71154505,0.5263158,0.7745775,0.57894737,0.8504251,0.6632545,0.6182266,0.6693203,0.6638899,0.53535354,0.62232417,0.6214575,0.40206185,0.66072136,0.5650842,0.65380293,0.66958624,0.5,0.6442409,0.6420555,0.53173244,0.50870407,0.84115595,0.7886266,0.6108108,0.55518395,0.5,0.67773086,0.77444005,0.673316,0.7899644,0.51666665,0.65263784
0,0,0,0,0,0,0,0,0,0,0,0,0,0,0,0
0,0,0,0,0,0,0,0,0,0,0,0,0,0,0,0,0,0,0
0,0,0,0,0,0,0,0,0,0,0,0,0,0,0,0,0,0,0,0,0,0,0,0,0,0,0,0,0,0,0,0,0,0,0,0,0,0,0,0
0,0,0,0,0,0,0,0,0,0,0,0,0,0,0,0,0,0,0,0,0,0,0,0,0
0,0,0,0,0,0,0,0,0,0,0,0,0,0,0,0,0,0,0,0,0,0,0,0
0,0,0,0,0,0,0,0,0,0,0,0,0,0,0,0,0,0,0,0,0,0,0,0,0,0
0,0,0,0,0,0,0,0,0,0,0,0,0,0,0,0,0,0,0,0,0,0,0
0,0,0,0,0,0,0,0,0,0,0,0,0,0,0,0,0,0,0,0,0,0,0,0,0,0,0,0,0,0,0,0,0,0,0,0,0,0,0,0,0,0,0,0,0,0,0,0,0,0,0,0
0,0,0,0,0,0,0,0,0,0,0,0,0,0,0,0,0,0,0,0,0,0,0,0,0,0,0,0,0,0,0
0,0,0,0,0,0,0,0,0,0
0,0,0,0,0,0,0,0,0,0,0,0,0,0,0,0,0,0,0,0,0,0,0,0,0,0,0
0,0,0,0,0,0,0,0,0,0,0,0,0,0,0,0,0,0,0,0,0,0,0,0,0,0,0,0,0,0,0,0,0,0,0,0,0,0
0,0,0,0,0,0,0,0,0,0
0,0,0,0,0,0,0,0,0,0,0,0,0,0,0
0.82078284,0.7606301,0.8094513,0.8105807,0.8242371,0.81676775,0.7632712,0.80368775,0.8218686,0.82492185,0.81284404,0.8244295,0.8166478,0.81869304,0.8236542,0.82738394,0.8056119,0.830528,0.7274992,0.8208851,0.8278141,0.8270901,0.81986195,0.81500566,0.5295512,0.81380635,0.8185848,0.80825067,0.77681065,0.77975893,0.7692252,0.8084644,0.84454596,0.5779575,0.82198226,0.81226003,0.75168,0.70050263,0.7783214,0.8283039,0.7995839,0.82355523,0.81790864,0.77891773,0.81831956,0.7097501
0,0,0,0,0,0,0,0,0,0,0,0,0,0,0,0,0,0,0,0,0,0,0,0,0,0,0,0,0,0,0,0,0,0,0,0,0,0,0,0,0,0
0,0,0,0,0,0,0,0,0,0,0,0,0,0,0,0,0,0,0,0,0,0,0,0,0,0,0,0,0,0,0,0,0,0,0,0,0,0,0,0,0,0,0,0,0,0
0,0,0,0,0,0,0,0,0,0,0,0,0,0,0,0
0,0,0,0,0,0,0,0,0,0,0,0,0,0,0,0,0,0,0,0,0,0,0,0,0,0
0.74370843,0.7783561,0.7803238,0.6490765,0.6059379,0.82759476,0.578125,0.63129103,0.5979381,0.8071506,0.5,0.66261923,0.6697819,0.5867052,0.5747573,0.5813397,0.50666666,0.53475934,0.5671642,0.5074627,0.66302866,0.66390043,0.7328215,0.7438891,0.6666667,0.5354037,0.6876574,0.48818898,0.6503198,0.91959876,0.7605143,0.44680852,0.6201117,0.44444445,0.6007905,0.70525485,0.66547406,0.6434185,0.5185185,0.60816324,0.68625754,0.42857143,0.5121951,0.5885417
0,0,0,0,0,0,0,0,0,1.0,0,0,0,0,0,0,0,0
0,0,0,0,0,0,0,0,0,0,0,0,0,0,0,0,0,0,0,0,0,0,0,0,0,0,0,0,0,0,0,0,0,0,0,0,0,0,0,0,0,0,0,0
0.67260486,0.8030989,0.7598807,0.71780974,0.5851117,0.7678488,0.5715054,0.69685185,0.5683557,0.69457823,0.49403203,0.6876603,0.64065856,0.43192303,0.6379867,0.65751547,0.37778524,0.49264964,0.51175046,0.55954134,0.6257327,0.53384495,0.72613585,0.68274593,0.5486594,0.6714264,0.62296116,0.6516439,0.61186236,0.91501814,0.7582793,0.64519036,0.6077293,0.44494328
0.80838263,0.75530815,0.749007,0.6399279,0.6786346,0.7836755,0.5839493,0.69219935,0.4576844,0.8081558,0.5557439,0.6677781,0.6948556,0.5576792,0.51524806,0.7007709,0.48026314,0.5290901,0.5827903,0.50480974,0.7247219,0.5229236,0.59626627,0.71759605,0.52577317,0.61075985,0.6547706,0.54201674,0.5372517,0.86066276,0.61440074,0.5237545,0.64533025,0.34784785,0.5667922,0.73187315,0.6934458,0.64021426,0.48400083,0.57607144,0.7654217,0.5228537,0.39515626,0.5387181,0.52090704,0.5264077,0.49400765,0.65297085,0.5721956,0.45757553,0.5439165,0.56341994,0.4950617,0.4884724,0.454539,0.6278588
0,0,0,0,0,0,0,0,0,0,0,0,0,0,0,0
0,0,0,0,0,0,0,0,0
0,0,0,0,0,0,0,0,0,0,0,0,0,0,0,0,0,0,0,0,0,0,0,0,0,0,0,0,0
0,0,0,0,0,0,0,0,0,0,0,0,0,0,0,0,0,0,0,0,0,0,0,0,0,0,0
0,0,0,0,0,0,0,0,0,0,0,0,0,0,0,0,0,0,0,0,0,0,0,0,0,0,0,0,0,0,0,0,0,0,0,0,0,0,0,0,0,0,0,0,0,0,0,0,0,0
0,0,0,0,0,0,0,0,0,0,0,0,0,0,0,0,0,0,0,0,0
0,0,0,0,0,0,0,0,0,0,0,0,0,0,0,0,0,0,0,0,0,0,0,0,0,0,0,0,0,0,0,0,0,0,0,0,0,0
0,0,0,0,0,0,0,0,0,0,0,0,0,0,0,0,0,0,0,0,0,0,0,0,0,0,0,0,0,0,0,0,0,0,0,0,0,0,0,0,0,0,0,0,0,0,0,0
0,0,0,0,0,0,0,0,0,0,0,0,0,0
0,1.0,0,0,0,0,0,0,0
1.0,1.0,1.0,0,0,1.0,0,0,0,1.0
0,0,0,0,0,0,0,0,0,0,0,0,0,0,0,0
0,0
0,0,0,0,0,0,0,0,0,0,0,0,0,0,0,0,0,0,0,0,0,0,0,0,0
0,0,0,0,0,0,0,0,0,0,0,0,0,0,0,0,0,0,0,0,0,0,0,0,0,0,0,0,0,0,0,0
0,0,0,0,0,0,0,0,0,0,0,0,0,0,0,0,0,0,0,0,0,0,0,0,0,0,0,0,0
0,0,0,0,0,0,0,0,0,0,0,0,0,0,0,0,0,0,0,0,0,0,0,0,0,0,0,0,0
0,0,0,0,0,0,0,0,0,0,0,0
0,0,0,0,0,0,0,0,0,0,0,0,0,0,0,0,0,0
0.7664303,0.74295783,0.78767943,0.6588308,0.62926453,0.79035795,0.58388644,0.6126279,0.46356937,0.8456496,0.5255434,0.6518704,0.6246518,0.5859161,0.6027208,0.705026,0.4619598,0.63226205,0.55395854,0.5946507,0.5819578,0.6196124,0.6469872,0.5950202,0.47530422,0.66786844,0.5936255,0.6379748,0.60658264,0.88928396,0.79198235,0.44734192,0.52868855,0.47161573,0.65320766,0.7197891,0.7172785,0.6375609,0.50723,0.5782722,0.7262101
0,0,0,0,0,0,0,0,0,0,0,0,0,0,0,0,0,0,0,0,0,0,0
0.51218694,0.4657189,0.43784648,0.6064487,0.6163594,0.4970804,0.5798855,0.63118887,0.5072968,0.43176314,0.5514222,0.48226944,0.70052844,0.6243067,0.4954355,0.5423185,0.3521201,0.4528121,0.47019532,0.48257282,0.5644376,0.6482587,0.5237802,0.5639055,0.47665143,0.55778104,0.6754681,0.46822304,0.6282497,0.40176132,0.54570806,0.47068188,0.5740459,0.36059427,0.5904784,0.48325294,0.52360946,0.63298136,0.54086596,0.6341522,0.52916217,0.58331764,0.48257437,0.59832036,0.45542684,0.46801326,0.482397,0.64948255,0.47475082,0.62099916,0.46132106,0.5631664,0.48367214,0.49381155,0.42576718,0.5064601
0.85714287,0.8,0.8636364,0.7777778,0.6666667,0.75,1.0,0.75,0.5,0.78571427,0,0.72727275,0.8333333,0.5,0.6666667,0.71428573,1.0,0.6666667,0.5,1.0,0.75,0.6666667,0.6666667,0.8,0,0.6666667,0.75,0.6666667,0.6666667
0.21770215,0.22551854,0.22105742,0.28474867,0.29610875,0.2564689,0.5527284,0.32715344,0.5153029,0.19727547,0.42030257,0.23559946,0.28300792,0.49309066,0.40260714,0.26533532,0.51734394,0.4215347,0.41628763,0.6157299
0,0,0,0,0,0,0,0,0,0,0,0,0,0,0,0,0,0,0,0,0,0,0,0,0,0,0,0,0,0,0,0,0,0,0,0,0
